model,params,mean_test_score,std_test_score,rank_test_score
Random Forest,"{'max_depth': None, 'max_features': 'sqrt', 'min_samples_leaf': 1, 'min_samples_split': 2, 'n_estimators': 50}",0.6538,0.0062,398
Random Forest,"{'max_depth': None, 'max_features': 'sqrt', 'min_samples_leaf': 1, 'min_samples_split': 2, 'n_estimators': 100}",0.6583,0.0105,312
Random Forest,"{'max_depth': None, 'max_features': 'sqrt', 'min_samples_leaf': 1, 'min_samples_split': 2, 'n_estimators': 200}",0.6648,0.0088,141
Random Forest,"{'max_depth': None, 'max_features': 'sqrt', 'min_samples_leaf': 1, 'min_samples_split': 2, 'n_estimators': 300}",0.6671,0.0101,105
Random Forest,"{'max_depth': None, 'max_features': 'sqrt', 'min_samples_leaf': 1, 'min_samples_split': 5, 'n_estimators': 50}",0.6573,0.0044,334
Random Forest,"{'max_depth': None, 'max_features': 'sqrt', 'min_samples_leaf': 1, 'min_samples_split': 5, 'n_estimators': 100}",0.6627,0.0068,204
Random Forest,"{'max_depth': None, 'max_features': 'sqrt', 'min_samples_leaf': 1, 'min_samples_split': 5, 'n_estimators': 200}",0.6679,0.0078,81
Random Forest,"{'max_depth': None, 'max_features': 'sqrt', 'min_samples_leaf': 1, 'min_samples_split': 5, 'n_estimators': 300}",0.6690,0.0054,57
Random Forest,"{'max_depth': None, 'max_features': 'sqrt', 'min_samples_leaf': 1, 'min_samples_split': 10, 'n_estimators': 50}",0.6602,0.0098,269
Random Forest,"{'max_depth': None, 'max_features': 'sqrt', 'min_samples_leaf': 1, 'min_samples_split': 10, 'n_estimators': 100}",0.6642,0.0055,159
Random Forest,"{'max_depth': None, 'max_features': 'sqrt', 'min_samples_leaf': 1, 'min_samples_split': 10, 'n_estimators': 200}",0.6642,0.0068,161
Random Forest,"{'max_depth': None, 'max_features': 'sqrt', 'min_samples_leaf': 1, 'min_samples_split': 10, 'n_estimators': 300}",0.6664,0.0070,115
Random Forest,"{'max_depth': None, 'max_features': 'sqrt', 'min_samples_leaf': 2, 'min_samples_split': 2, 'n_estimators': 50}",0.6584,0.0082,307
Random Forest,"{'max_depth': None, 'max_features': 'sqrt', 'min_samples_leaf': 2, 'min_samples_split': 2, 'n_estimators': 100}",0.6646,0.0092,145
Random Forest,"{'max_depth': None, 'max_features': 'sqrt', 'min_samples_leaf': 2, 'min_samples_split': 2, 'n_estimators': 200}",0.6673,0.0106,95
Random Forest,"{'max_depth': None, 'max_features': 'sqrt', 'min_samples_leaf': 2, 'min_samples_split': 2, 'n_estimators': 300}",0.6687,0.0099,65
Random Forest,"{'max_depth': None, 'max_features': 'sqrt', 'min_samples_leaf': 2, 'min_samples_split': 5, 'n_estimators': 50}",0.6562,0.0079,359
Random Forest,"{'max_depth': None, 'max_features': 'sqrt', 'min_samples_leaf': 2, 'min_samples_split': 5, 'n_estimators': 100}",0.6630,0.0108,187
Random Forest,"{'max_depth': None, 'max_features': 'sqrt', 'min_samples_leaf': 2, 'min_samples_split': 5, 'n_estimators': 200}",0.6674,0.0075,93
Random Forest,"{'max_depth': None, 'max_features': 'sqrt', 'min_samples_leaf': 2, 'min_samples_split': 5, 'n_estimators': 300}",0.6687,0.0075,63
Random Forest,"{'max_depth': None, 'max_features': 'sqrt', 'min_samples_leaf': 2, 'min_samples_split': 10, 'n_estimators': 50}",0.6576,0.0024,324
Random Forest,"{'max_depth': None, 'max_features': 'sqrt', 'min_samples_leaf': 2, 'min_samples_split': 10, 'n_estimators': 100}",0.6629,0.0053,196
Random Forest,"{'max_depth': None, 'max_features': 'sqrt', 'min_samples_leaf': 2, 'min_samples_split': 10, 'n_estimators': 200}",0.6673,0.0083,97
Random Forest,"{'max_depth': None, 'max_features': 'sqrt', 'min_samples_leaf': 2, 'min_samples_split': 10, 'n_estimators': 300}",0.6685,0.0093,67
Random Forest,"{'max_depth': None, 'max_features': 'sqrt', 'min_samples_leaf': 4, 'min_samples_split': 2, 'n_estimators': 50}",0.6620,0.0088,221
Random Forest,"{'max_depth': None, 'max_features': 'sqrt', 'min_samples_leaf': 4, 'min_samples_split': 2, 'n_estimators': 100}",0.6697,0.0084,39
Random Forest,"{'max_depth': None, 'max_features': 'sqrt', 'min_samples_leaf': 4, 'min_samples_split': 2, 'n_estimators': 200}",0.6712,0.0105,13
Random Forest,"{'max_depth': None, 'max_features': 'sqrt', 'min_samples_leaf': 4, 'min_samples_split': 2, 'n_estimators': 300}",0.6720,0.0105,5
Random Forest,"{'max_depth': None, 'max_features': 'sqrt', 'min_samples_leaf': 4, 'min_samples_split': 5, 'n_estimators': 50}",0.6620,0.0088,221
Random Forest,"{'max_depth': None, 'max_features': 'sqrt', 'min_samples_leaf': 4, 'min_samples_split': 5, 'n_estimators': 100}",0.6697,0.0084,39
Random Forest,"{'max_depth': None, 'max_features': 'sqrt', 'min_samples_leaf': 4, 'min_samples_split': 5, 'n_estimators': 200}",0.6712,0.0105,13
Random Forest,"{'max_depth': None, 'max_features': 'sqrt', 'min_samples_leaf': 4, 'min_samples_split': 5, 'n_estimators': 300}",0.6720,0.0105,5
Random Forest,"{'max_depth': None, 'max_features': 'sqrt', 'min_samples_leaf': 4, 'min_samples_split': 10, 'n_estimators': 50}",0.6644,0.0085,151
Random Forest,"{'max_depth': None, 'max_features': 'sqrt', 'min_samples_leaf': 4, 'min_samples_split': 10, 'n_estimators': 100}",0.6681,0.0103,77
Random Forest,"{'max_depth': None, 'max_features': 'sqrt', 'min_samples_leaf': 4, 'min_samples_split': 10, 'n_estimators': 200}",0.6712,0.0099,23
Random Forest,"{'max_depth': None, 'max_features': 'sqrt', 'min_samples_leaf': 4, 'min_samples_split': 10, 'n_estimators': 300}",0.6704,0.0105,31
Random Forest,"{'max_depth': None, 'max_features': 'log2', 'min_samples_leaf': 1, 'min_samples_split': 2, 'n_estimators': 50}",0.6538,0.0062,398
Random Forest,"{'max_depth': None, 'max_features': 'log2', 'min_samples_leaf': 1, 'min_samples_split': 2, 'n_estimators': 100}",0.6583,0.0105,312
Random Forest,"{'max_depth': None, 'max_features': 'log2', 'min_samples_leaf': 1, 'min_samples_split': 2, 'n_estimators': 200}",0.6648,0.0088,141
Random Forest,"{'max_depth': None, 'max_features': 'log2', 'min_samples_leaf': 1, 'min_samples_split': 2, 'n_estimators': 300}",0.6671,0.0101,105
Random Forest,"{'max_depth': None, 'max_features': 'log2', 'min_samples_leaf': 1, 'min_samples_split': 5, 'n_estimators': 50}",0.6573,0.0044,334
Random Forest,"{'max_depth': None, 'max_features': 'log2', 'min_samples_leaf': 1, 'min_samples_split': 5, 'n_estimators': 100}",0.6627,0.0068,204
Random Forest,"{'max_depth': None, 'max_features': 'log2', 'min_samples_leaf': 1, 'min_samples_split': 5, 'n_estimators': 200}",0.6679,0.0078,81
Random Forest,"{'max_depth': None, 'max_features': 'log2', 'min_samples_leaf': 1, 'min_samples_split': 5, 'n_estimators': 300}",0.6690,0.0054,57
Random Forest,"{'max_depth': None, 'max_features': 'log2', 'min_samples_leaf': 1, 'min_samples_split': 10, 'n_estimators': 50}",0.6602,0.0098,269
Random Forest,"{'max_depth': None, 'max_features': 'log2', 'min_samples_leaf': 1, 'min_samples_split': 10, 'n_estimators': 100}",0.6642,0.0055,159
Random Forest,"{'max_depth': None, 'max_features': 'log2', 'min_samples_leaf': 1, 'min_samples_split': 10, 'n_estimators': 200}",0.6642,0.0068,161
Random Forest,"{'max_depth': None, 'max_features': 'log2', 'min_samples_leaf': 1, 'min_samples_split': 10, 'n_estimators': 300}",0.6664,0.0070,115
Random Forest,"{'max_depth': None, 'max_features': 'log2', 'min_samples_leaf': 2, 'min_samples_split': 2, 'n_estimators': 50}",0.6584,0.0082,307
Random Forest,"{'max_depth': None, 'max_features': 'log2', 'min_samples_leaf': 2, 'min_samples_split': 2, 'n_estimators': 100}",0.6646,0.0092,145
Random Forest,"{'max_depth': None, 'max_features': 'log2', 'min_samples_leaf': 2, 'min_samples_split': 2, 'n_estimators': 200}",0.6673,0.0106,95
Random Forest,"{'max_depth': None, 'max_features': 'log2', 'min_samples_leaf': 2, 'min_samples_split': 2, 'n_estimators': 300}",0.6687,0.0099,65
Random Forest,"{'max_depth': None, 'max_features': 'log2', 'min_samples_leaf': 2, 'min_samples_split': 5, 'n_estimators': 50}",0.6562,0.0079,359
Random Forest,"{'max_depth': None, 'max_features': 'log2', 'min_samples_leaf': 2, 'min_samples_split': 5, 'n_estimators': 100}",0.6630,0.0108,187
Random Forest,"{'max_depth': None, 'max_features': 'log2', 'min_samples_leaf': 2, 'min_samples_split': 5, 'n_estimators': 200}",0.6674,0.0075,93
Random Forest,"{'max_depth': None, 'max_features': 'log2', 'min_samples_leaf': 2, 'min_samples_split': 5, 'n_estimators': 300}",0.6687,0.0075,63
Random Forest,"{'max_depth': None, 'max_features': 'log2', 'min_samples_leaf': 2, 'min_samples_split': 10, 'n_estimators': 50}",0.6576,0.0024,324
Random Forest,"{'max_depth': None, 'max_features': 'log2', 'min_samples_leaf': 2, 'min_samples_split': 10, 'n_estimators': 100}",0.6629,0.0053,196
Random Forest,"{'max_depth': None, 'max_features': 'log2', 'min_samples_leaf': 2, 'min_samples_split': 10, 'n_estimators': 200}",0.6673,0.0083,97
Random Forest,"{'max_depth': None, 'max_features': 'log2', 'min_samples_leaf': 2, 'min_samples_split': 10, 'n_estimators': 300}",0.6685,0.0093,67
Random Forest,"{'max_depth': None, 'max_features': 'log2', 'min_samples_leaf': 4, 'min_samples_split': 2, 'n_estimators': 50}",0.6620,0.0088,221
Random Forest,"{'max_depth': None, 'max_features': 'log2', 'min_samples_leaf': 4, 'min_samples_split': 2, 'n_estimators': 100}",0.6697,0.0084,39
Random Forest,"{'max_depth': None, 'max_features': 'log2', 'min_samples_leaf': 4, 'min_samples_split': 2, 'n_estimators': 200}",0.6712,0.0105,13
Random Forest,"{'max_depth': None, 'max_features': 'log2', 'min_samples_leaf': 4, 'min_samples_split': 2, 'n_estimators': 300}",0.6720,0.0105,5
Random Forest,"{'max_depth': None, 'max_features': 'log2', 'min_samples_leaf': 4, 'min_samples_split': 5, 'n_estimators': 50}",0.6620,0.0088,221
Random Forest,"{'max_depth': None, 'max_features': 'log2', 'min_samples_leaf': 4, 'min_samples_split': 5, 'n_estimators': 100}",0.6697,0.0084,39
Random Forest,"{'max_depth': None, 'max_features': 'log2', 'min_samples_leaf': 4, 'min_samples_split': 5, 'n_estimators': 200}",0.6712,0.0105,13
Random Forest,"{'max_depth': None, 'max_features': 'log2', 'min_samples_leaf': 4, 'min_samples_split': 5, 'n_estimators': 300}",0.6720,0.0105,5
Random Forest,"{'max_depth': None, 'max_features': 'log2', 'min_samples_leaf': 4, 'min_samples_split': 10, 'n_estimators': 50}",0.6644,0.0085,151
Random Forest,"{'max_depth': None, 'max_features': 'log2', 'min_samples_leaf': 4, 'min_samples_split': 10, 'n_estimators': 100}",0.6681,0.0103,77
Random Forest,"{'max_depth': None, 'max_features': 'log2', 'min_samples_leaf': 4, 'min_samples_split': 10, 'n_estimators': 200}",0.6712,0.0099,23
Random Forest,"{'max_depth': None, 'max_features': 'log2', 'min_samples_leaf': 4, 'min_samples_split': 10, 'n_estimators': 300}",0.6704,0.0105,31
Random Forest,"{'max_depth': None, 'max_features': 0.7, 'min_samples_leaf': 1, 'min_samples_split': 2, 'n_estimators': 50}",0.6483,0.0049,431
Random Forest,"{'max_depth': None, 'max_features': 0.7, 'min_samples_leaf': 1, 'min_samples_split': 2, 'n_estimators': 100}",0.6534,0.0054,401
Random Forest,"{'max_depth': None, 'max_features': 0.7, 'min_samples_leaf': 1, 'min_samples_split': 2, 'n_estimators': 200}",0.6550,0.0055,383
Random Forest,"{'max_depth': None, 'max_features': 0.7, 'min_samples_leaf': 1, 'min_samples_split': 2, 'n_estimators': 300}",0.6571,0.0047,342
Random Forest,"{'max_depth': None, 'max_features': 0.7, 'min_samples_leaf': 1, 'min_samples_split': 5, 'n_estimators': 50}",0.6482,0.0096,432
Random Forest,"{'max_depth': None, 'max_features': 0.7, 'min_samples_leaf': 1, 'min_samples_split': 5, 'n_estimators': 100}",0.6534,0.0079,402
Random Forest,"{'max_depth': None, 'max_features': 0.7, 'min_samples_leaf': 1, 'min_samples_split': 5, 'n_estimators': 200}",0.6552,0.0083,378
Random Forest,"{'max_depth': None, 'max_features': 0.7, 'min_samples_leaf': 1, 'min_samples_split': 5, 'n_estimators': 300}",0.6573,0.0070,331
Random Forest,"{'max_depth': None, 'max_features': 0.7, 'min_samples_leaf': 1, 'min_samples_split': 10, 'n_estimators': 50}",0.6497,0.0158,422
Random Forest,"{'max_depth': None, 'max_features': 0.7, 'min_samples_leaf': 1, 'min_samples_split': 10, 'n_estimators': 100}",0.6533,0.0100,405
Random Forest,"{'max_depth': None, 'max_features': 0.7, 'min_samples_leaf': 1, 'min_samples_split': 10, 'n_estimators': 200}",0.6561,0.0092,363
Random Forest,"{'max_depth': None, 'max_features': 0.7, 'min_samples_leaf': 1, 'min_samples_split': 10, 'n_estimators': 300}",0.6571,0.0083,341
Random Forest,"{'max_depth': None, 'max_features': 0.7, 'min_samples_leaf': 2, 'min_samples_split': 2, 'n_estimators': 50}",0.6540,0.0103,395
Random Forest,"{'max_depth': None, 'max_features': 0.7, 'min_samples_leaf': 2, 'min_samples_split': 2, 'n_estimators': 100}",0.6618,0.0119,231
Random Forest,"{'max_depth': None, 'max_features': 0.7, 'min_samples_leaf': 2, 'min_samples_split': 2, 'n_estimators': 200}",0.6633,0.0097,175
Random Forest,"{'max_depth': None, 'max_features': 0.7, 'min_samples_leaf': 2, 'min_samples_split': 2, 'n_estimators': 300}",0.6633,0.0080,176
Random Forest,"{'max_depth': None, 'max_features': 0.7, 'min_samples_leaf': 2, 'min_samples_split': 5, 'n_estimators': 50}",0.6511,0.0095,414
Random Forest,"{'max_depth': None, 'max_features': 0.7, 'min_samples_leaf': 2, 'min_samples_split': 5, 'n_estimators': 100}",0.6571,0.0083,337
Random Forest,"{'max_depth': None, 'max_features': 0.7, 'min_samples_leaf': 2, 'min_samples_split': 5, 'n_estimators': 200}",0.6600,0.0080,280
Random Forest,"{'max_depth': None, 'max_features': 0.7, 'min_samples_leaf': 2, 'min_samples_split': 5, 'n_estimators': 300}",0.6616,0.0060,234
Random Forest,"{'max_depth': None, 'max_features': 0.7, 'min_samples_leaf': 2, 'min_samples_split': 10, 'n_estimators': 50}",0.6552,0.0118,379
Random Forest,"{'max_depth': None, 'max_features': 0.7, 'min_samples_leaf': 2, 'min_samples_split': 10, 'n_estimators': 100}",0.6602,0.0111,264
Random Forest,"{'max_depth': None, 'max_features': 0.7, 'min_samples_leaf': 2, 'min_samples_split': 10, 'n_estimators': 200}",0.6628,0.0095,201
Random Forest,"{'max_depth': None, 'max_features': 0.7, 'min_samples_leaf': 2, 'min_samples_split': 10, 'n_estimators': 300}",0.6651,0.0077,135
Random Forest,"{'max_depth': None, 'max_features': 0.7, 'min_samples_leaf': 4, 'min_samples_split': 2, 'n_estimators': 50}",0.6609,0.0127,243
Random Forest,"{'max_depth': None, 'max_features': 0.7, 'min_samples_leaf': 4, 'min_samples_split': 2, 'n_estimators': 100}",0.6660,0.0099,117
Random Forest,"{'max_depth': None, 'max_features': 0.7, 'min_samples_leaf': 4, 'min_samples_split': 2, 'n_estimators': 200}",0.6659,0.0098,119
Random Forest,"{'max_depth': None, 'max_features': 0.7, 'min_samples_leaf': 4, 'min_samples_split': 2, 'n_estimators': 300}",0.6658,0.0091,123
Random Forest,"{'max_depth': None, 'max_features': 0.7, 'min_samples_leaf': 4, 'min_samples_split': 5, 'n_estimators': 50}",0.6609,0.0127,243
Random Forest,"{'max_depth': None, 'max_features': 0.7, 'min_samples_leaf': 4, 'min_samples_split': 5, 'n_estimators': 100}",0.6660,0.0099,117
Random Forest,"{'max_depth': None, 'max_features': 0.7, 'min_samples_leaf': 4, 'min_samples_split': 5, 'n_estimators': 200}",0.6659,0.0098,119
Random Forest,"{'max_depth': None, 'max_features': 0.7, 'min_samples_leaf': 4, 'min_samples_split': 5, 'n_estimators': 300}",0.6658,0.0091,123
Random Forest,"{'max_depth': None, 'max_features': 0.7, 'min_samples_leaf': 4, 'min_samples_split': 10, 'n_estimators': 50}",0.6602,0.0053,262
Random Forest,"{'max_depth': None, 'max_features': 0.7, 'min_samples_leaf': 4, 'min_samples_split': 10, 'n_estimators': 100}",0.6622,0.0092,219
Random Forest,"{'max_depth': None, 'max_features': 0.7, 'min_samples_leaf': 4, 'min_samples_split': 10, 'n_estimators': 200}",0.6650,0.0109,138
Random Forest,"{'max_depth': None, 'max_features': 0.7, 'min_samples_leaf': 4, 'min_samples_split': 10, 'n_estimators': 300}",0.6652,0.0094,134
Random Forest,"{'max_depth': 5, 'max_features': 'sqrt', 'min_samples_leaf': 1, 'min_samples_split': 2, 'n_estimators': 50}",0.6447,0.0128,499
Random Forest,"{'max_depth': 5, 'max_features': 'sqrt', 'min_samples_leaf': 1, 'min_samples_split': 2, 'n_estimators': 100}",0.6460,0.0143,483
Random Forest,"{'max_depth': 5, 'max_features': 'sqrt', 'min_samples_leaf': 1, 'min_samples_split': 2, 'n_estimators': 200}",0.6467,0.0142,463
Random Forest,"{'max_depth': 5, 'max_features': 'sqrt', 'min_samples_leaf': 1, 'min_samples_split': 2, 'n_estimators': 300}",0.6476,0.0155,449
Random Forest,"{'max_depth': 5, 'max_features': 'sqrt', 'min_samples_leaf': 1, 'min_samples_split': 5, 'n_estimators': 50}",0.6441,0.0132,510
Random Forest,"{'max_depth': 5, 'max_features': 'sqrt', 'min_samples_leaf': 1, 'min_samples_split': 5, 'n_estimators': 100}",0.6459,0.0142,487
Random Forest,"{'max_depth': 5, 'max_features': 'sqrt', 'min_samples_leaf': 1, 'min_samples_split': 5, 'n_estimators': 200}",0.6469,0.0138,455
Random Forest,"{'max_depth': 5, 'max_features': 'sqrt', 'min_samples_leaf': 1, 'min_samples_split': 5, 'n_estimators': 300}",0.6478,0.0151,445
Random Forest,"{'max_depth': 5, 'max_features': 'sqrt', 'min_samples_leaf': 1, 'min_samples_split': 10, 'n_estimators': 50}",0.6447,0.0145,501
Random Forest,"{'max_depth': 5, 'max_features': 'sqrt', 'min_samples_leaf': 1, 'min_samples_split': 10, 'n_estimators': 100}",0.6455,0.0151,491
Random Forest,"{'max_depth': 5, 'max_features': 'sqrt', 'min_samples_leaf': 1, 'min_samples_split': 10, 'n_estimators': 200}",0.6464,0.0146,475
Random Forest,"{'max_depth': 5, 'max_features': 'sqrt', 'min_samples_leaf': 1, 'min_samples_split': 10, 'n_estimators': 300}",0.6468,0.0157,461
Random Forest,"{'max_depth': 5, 'max_features': 'sqrt', 'min_samples_leaf': 2, 'min_samples_split': 2, 'n_estimators': 50}",0.6449,0.0124,497
Random Forest,"{'max_depth': 5, 'max_features': 'sqrt', 'min_samples_leaf': 2, 'min_samples_split': 2, 'n_estimators': 100}",0.6462,0.0142,477
Random Forest,"{'max_depth': 5, 'max_features': 'sqrt', 'min_samples_leaf': 2, 'min_samples_split': 2, 'n_estimators': 200}",0.6468,0.0142,457
Random Forest,"{'max_depth': 5, 'max_features': 'sqrt', 'min_samples_leaf': 2, 'min_samples_split': 2, 'n_estimators': 300}",0.6475,0.0155,451
Random Forest,"{'max_depth': 5, 'max_features': 'sqrt', 'min_samples_leaf': 2, 'min_samples_split': 5, 'n_estimators': 50}",0.6458,0.0131,489
Random Forest,"{'max_depth': 5, 'max_features': 'sqrt', 'min_samples_leaf': 2, 'min_samples_split': 5, 'n_estimators': 100}",0.6468,0.0146,459
Random Forest,"{'max_depth': 5, 'max_features': 'sqrt', 'min_samples_leaf': 2, 'min_samples_split': 5, 'n_estimators': 200}",0.6472,0.0142,453
Random Forest,"{'max_depth': 5, 'max_features': 'sqrt', 'min_samples_leaf': 2, 'min_samples_split': 5, 'n_estimators': 300}",0.6480,0.0152,437
Random Forest,"{'max_depth': 5, 'max_features': 'sqrt', 'min_samples_leaf': 2, 'min_samples_split': 10, 'n_estimators': 50}",0.6451,0.0142,495
Random Forest,"{'max_depth': 5, 'max_features': 'sqrt', 'min_samples_leaf': 2, 'min_samples_split': 10, 'n_estimators': 100}",0.6454,0.0156,493
Random Forest,"{'max_depth': 5, 'max_features': 'sqrt', 'min_samples_leaf': 2, 'min_samples_split': 10, 'n_estimators': 200}",0.6465,0.0151,473
Random Forest,"{'max_depth': 5, 'max_features': 'sqrt', 'min_samples_leaf': 2, 'min_samples_split': 10, 'n_estimators': 300}",0.6467,0.0156,465
Random Forest,"{'max_depth': 5, 'max_features': 'sqrt', 'min_samples_leaf': 4, 'min_samples_split': 2, 'n_estimators': 50}",0.6466,0.0137,467
Random Forest,"{'max_depth': 5, 'max_features': 'sqrt', 'min_samples_leaf': 4, 'min_samples_split': 2, 'n_estimators': 100}",0.6462,0.0161,479
Random Forest,"{'max_depth': 5, 'max_features': 'sqrt', 'min_samples_leaf': 4, 'min_samples_split': 2, 'n_estimators': 200}",0.6481,0.0154,433
Random Forest,"{'max_depth': 5, 'max_features': 'sqrt', 'min_samples_leaf': 4, 'min_samples_split': 2, 'n_estimators': 300}",0.6480,0.0160,439
Random Forest,"{'max_depth': 5, 'max_features': 'sqrt', 'min_samples_leaf': 4, 'min_samples_split': 5, 'n_estimators': 50}",0.6466,0.0137,467
Random Forest,"{'max_depth': 5, 'max_features': 'sqrt', 'min_samples_leaf': 4, 'min_samples_split': 5, 'n_estimators': 100}",0.6462,0.0161,479
Random Forest,"{'max_depth': 5, 'max_features': 'sqrt', 'min_samples_leaf': 4, 'min_samples_split': 5, 'n_estimators': 200}",0.6481,0.0154,433
Random Forest,"{'max_depth': 5, 'max_features': 'sqrt', 'min_samples_leaf': 4, 'min_samples_split': 5, 'n_estimators': 300}",0.6480,0.0160,439
Random Forest,"{'max_depth': 5, 'max_features': 'sqrt', 'min_samples_leaf': 4, 'min_samples_split': 10, 'n_estimators': 50}",0.6460,0.0126,485
Random Forest,"{'max_depth': 5, 'max_features': 'sqrt', 'min_samples_leaf': 4, 'min_samples_split': 10, 'n_estimators': 100}",0.6465,0.0149,471
Random Forest,"{'max_depth': 5, 'max_features': 'sqrt', 'min_samples_leaf': 4, 'min_samples_split': 10, 'n_estimators': 200}",0.6477,0.0147,447
Random Forest,"{'max_depth': 5, 'max_features': 'sqrt', 'min_samples_leaf': 4, 'min_samples_split': 10, 'n_estimators': 300}",0.6479,0.0156,443
Random Forest,"{'max_depth': 5, 'max_features': 'log2', 'min_samples_leaf': 1, 'min_samples_split': 2, 'n_estimators': 50}",0.6447,0.0128,499
Random Forest,"{'max_depth': 5, 'max_features': 'log2', 'min_samples_leaf': 1, 'min_samples_split': 2, 'n_estimators': 100}",0.6460,0.0143,483
Random Forest,"{'max_depth': 5, 'max_features': 'log2', 'min_samples_leaf': 1, 'min_samples_split': 2, 'n_estimators': 200}",0.6467,0.0142,463
Random Forest,"{'max_depth': 5, 'max_features': 'log2', 'min_samples_leaf': 1, 'min_samples_split': 2, 'n_estimators': 300}",0.6476,0.0155,449
Random Forest,"{'max_depth': 5, 'max_features': 'log2', 'min_samples_leaf': 1, 'min_samples_split': 5, 'n_estimators': 50}",0.6441,0.0132,510
Random Forest,"{'max_depth': 5, 'max_features': 'log2', 'min_samples_leaf': 1, 'min_samples_split': 5, 'n_estimators': 100}",0.6459,0.0142,487
Random Forest,"{'max_depth': 5, 'max_features': 'log2', 'min_samples_leaf': 1, 'min_samples_split': 5, 'n_estimators': 200}",0.6469,0.0138,455
Random Forest,"{'max_depth': 5, 'max_features': 'log2', 'min_samples_leaf': 1, 'min_samples_split': 5, 'n_estimators': 300}",0.6478,0.0151,445
Random Forest,"{'max_depth': 5, 'max_features': 'log2', 'min_samples_leaf': 1, 'min_samples_split': 10, 'n_estimators': 50}",0.6447,0.0145,501
Random Forest,"{'max_depth': 5, 'max_features': 'log2', 'min_samples_leaf': 1, 'min_samples_split': 10, 'n_estimators': 100}",0.6455,0.0151,491
Random Forest,"{'max_depth': 5, 'max_features': 'log2', 'min_samples_leaf': 1, 'min_samples_split': 10, 'n_estimators': 200}",0.6464,0.0146,475
Random Forest,"{'max_depth': 5, 'max_features': 'log2', 'min_samples_leaf': 1, 'min_samples_split': 10, 'n_estimators': 300}",0.6468,0.0157,461
Random Forest,"{'max_depth': 5, 'max_features': 'log2', 'min_samples_leaf': 2, 'min_samples_split': 2, 'n_estimators': 50}",0.6449,0.0124,497
Random Forest,"{'max_depth': 5, 'max_features': 'log2', 'min_samples_leaf': 2, 'min_samples_split': 2, 'n_estimators': 100}",0.6462,0.0142,477
Random Forest,"{'max_depth': 5, 'max_features': 'log2', 'min_samples_leaf': 2, 'min_samples_split': 2, 'n_estimators': 200}",0.6468,0.0142,457
Random Forest,"{'max_depth': 5, 'max_features': 'log2', 'min_samples_leaf': 2, 'min_samples_split': 2, 'n_estimators': 300}",0.6475,0.0155,451
Random Forest,"{'max_depth': 5, 'max_features': 'log2', 'min_samples_leaf': 2, 'min_samples_split': 5, 'n_estimators': 50}",0.6458,0.0131,489
Random Forest,"{'max_depth': 5, 'max_features': 'log2', 'min_samples_leaf': 2, 'min_samples_split': 5, 'n_estimators': 100}",0.6468,0.0146,459
Random Forest,"{'max_depth': 5, 'max_features': 'log2', 'min_samples_leaf': 2, 'min_samples_split': 5, 'n_estimators': 200}",0.6472,0.0142,453
Random Forest,"{'max_depth': 5, 'max_features': 'log2', 'min_samples_leaf': 2, 'min_samples_split': 5, 'n_estimators': 300}",0.6480,0.0152,437
Random Forest,"{'max_depth': 5, 'max_features': 'log2', 'min_samples_leaf': 2, 'min_samples_split': 10, 'n_estimators': 50}",0.6451,0.0142,495
Random Forest,"{'max_depth': 5, 'max_features': 'log2', 'min_samples_leaf': 2, 'min_samples_split': 10, 'n_estimators': 100}",0.6454,0.0156,493
Random Forest,"{'max_depth': 5, 'max_features': 'log2', 'min_samples_leaf': 2, 'min_samples_split': 10, 'n_estimators': 200}",0.6465,0.0151,473
Random Forest,"{'max_depth': 5, 'max_features': 'log2', 'min_samples_leaf': 2, 'min_samples_split': 10, 'n_estimators': 300}",0.6467,0.0156,465
Random Forest,"{'max_depth': 5, 'max_features': 'log2', 'min_samples_leaf': 4, 'min_samples_split': 2, 'n_estimators': 50}",0.6466,0.0137,467
Random Forest,"{'max_depth': 5, 'max_features': 'log2', 'min_samples_leaf': 4, 'min_samples_split': 2, 'n_estimators': 100}",0.6462,0.0161,479
Random Forest,"{'max_depth': 5, 'max_features': 'log2', 'min_samples_leaf': 4, 'min_samples_split': 2, 'n_estimators': 200}",0.6481,0.0154,433
Random Forest,"{'max_depth': 5, 'max_features': 'log2', 'min_samples_leaf': 4, 'min_samples_split': 2, 'n_estimators': 300}",0.6480,0.0160,439
Random Forest,"{'max_depth': 5, 'max_features': 'log2', 'min_samples_leaf': 4, 'min_samples_split': 5, 'n_estimators': 50}",0.6466,0.0137,467
Random Forest,"{'max_depth': 5, 'max_features': 'log2', 'min_samples_leaf': 4, 'min_samples_split': 5, 'n_estimators': 100}",0.6462,0.0161,479
Random Forest,"{'max_depth': 5, 'max_features': 'log2', 'min_samples_leaf': 4, 'min_samples_split': 5, 'n_estimators': 200}",0.6481,0.0154,433
Random Forest,"{'max_depth': 5, 'max_features': 'log2', 'min_samples_leaf': 4, 'min_samples_split': 5, 'n_estimators': 300}",0.6480,0.0160,439
Random Forest,"{'max_depth': 5, 'max_features': 'log2', 'min_samples_leaf': 4, 'min_samples_split': 10, 'n_estimators': 50}",0.6460,0.0126,485
Random Forest,"{'max_depth': 5, 'max_features': 'log2', 'min_samples_leaf': 4, 'min_samples_split': 10, 'n_estimators': 100}",0.6465,0.0149,471
Random Forest,"{'max_depth': 5, 'max_features': 'log2', 'min_samples_leaf': 4, 'min_samples_split': 10, 'n_estimators': 200}",0.6477,0.0147,447
Random Forest,"{'max_depth': 5, 'max_features': 'log2', 'min_samples_leaf': 4, 'min_samples_split': 10, 'n_estimators': 300}",0.6479,0.0156,443
Random Forest,"{'max_depth': 5, 'max_features': 0.7, 'min_samples_leaf': 1, 'min_samples_split': 2, 'n_estimators': 50}",0.6410,0.0112,533
Random Forest,"{'max_depth': 5, 'max_features': 0.7, 'min_samples_leaf': 1, 'min_samples_split': 2, 'n_estimators': 100}",0.6421,0.0136,524
Random Forest,"{'max_depth': 5, 'max_features': 0.7, 'min_samples_leaf': 1, 'min_samples_split': 2, 'n_estimators': 200}",0.6436,0.0152,514
Random Forest,"{'max_depth': 5, 'max_features': 0.7, 'min_samples_leaf': 1, 'min_samples_split': 2, 'n_estimators': 300}",0.6445,0.0153,503
Random Forest,"{'max_depth': 5, 'max_features': 0.7, 'min_samples_leaf': 1, 'min_samples_split': 5, 'n_estimators': 50}",0.6413,0.0110,530
Random Forest,"{'max_depth': 5, 'max_features': 0.7, 'min_samples_leaf': 1, 'min_samples_split': 5, 'n_estimators': 100}",0.6415,0.0139,527
Random Forest,"{'max_depth': 5, 'max_features': 0.7, 'min_samples_leaf': 1, 'min_samples_split': 5, 'n_estimators': 200}",0.6432,0.0157,519
Random Forest,"{'max_depth': 5, 'max_features': 0.7, 'min_samples_leaf': 1, 'min_samples_split': 5, 'n_estimators': 300}",0.6439,0.0152,512
Random Forest,"{'max_depth': 5, 'max_features': 0.7, 'min_samples_leaf': 1, 'min_samples_split': 10, 'n_estimators': 50}",0.6390,0.0148,540
Random Forest,"{'max_depth': 5, 'max_features': 0.7, 'min_samples_leaf': 1, 'min_samples_split': 10, 'n_estimators': 100}",0.6403,0.0161,535
Random Forest,"{'max_depth': 5, 'max_features': 0.7, 'min_samples_leaf': 1, 'min_samples_split': 10, 'n_estimators': 200}",0.6423,0.0165,522
Random Forest,"{'max_depth': 5, 'max_features': 0.7, 'min_samples_leaf': 1, 'min_samples_split': 10, 'n_estimators': 300}",0.6434,0.0158,517
Random Forest,"{'max_depth': 5, 'max_features': 0.7, 'min_samples_leaf': 2, 'min_samples_split': 2, 'n_estimators': 50}",0.6415,0.0104,528
Random Forest,"{'max_depth': 5, 'max_features': 0.7, 'min_samples_leaf': 2, 'min_samples_split': 2, 'n_estimators': 100}",0.6422,0.0130,523
Random Forest,"{'max_depth': 5, 'max_features': 0.7, 'min_samples_leaf': 2, 'min_samples_split': 2, 'n_estimators': 200}",0.6438,0.0153,513
Random Forest,"{'max_depth': 5, 'max_features': 0.7, 'min_samples_leaf': 2, 'min_samples_split': 2, 'n_estimators': 300}",0.6443,0.0149,505
Random Forest,"{'max_depth': 5, 'max_features': 0.7, 'min_samples_leaf': 2, 'min_samples_split': 5, 'n_estimators': 50}",0.6406,0.0113,534
Random Forest,"{'max_depth': 5, 'max_features': 0.7, 'min_samples_leaf': 2, 'min_samples_split': 5, 'n_estimators': 100}",0.6414,0.0132,529
Random Forest,"{'max_depth': 5, 'max_features': 0.7, 'min_samples_leaf': 2, 'min_samples_split': 5, 'n_estimators': 200}",0.6434,0.0152,516
Random Forest,"{'max_depth': 5, 'max_features': 0.7, 'min_samples_leaf': 2, 'min_samples_split': 5, 'n_estimators': 300}",0.6444,0.0149,504
Random Forest,"{'max_depth': 5, 'max_features': 0.7, 'min_samples_leaf': 2, 'min_samples_split': 10, 'n_estimators': 50}",0.6396,0.0149,538
Random Forest,"{'max_depth': 5, 'max_features': 0.7, 'min_samples_leaf': 2, 'min_samples_split': 10, 'n_estimators': 100}",0.6411,0.0158,531
Random Forest,"{'max_depth': 5, 'max_features': 0.7, 'min_samples_leaf': 2, 'min_samples_split': 10, 'n_estimators': 200}",0.6427,0.0165,521
Random Forest,"{'max_depth': 5, 'max_features': 0.7, 'min_samples_leaf': 2, 'min_samples_split': 10, 'n_estimators': 300}",0.6435,0.0160,515
Random Forest,"{'max_depth': 5, 'max_features': 0.7, 'min_samples_leaf': 4, 'min_samples_split': 2, 'n_estimators': 50}",0.6400,0.0125,536
Random Forest,"{'max_depth': 5, 'max_features': 0.7, 'min_samples_leaf': 4, 'min_samples_split': 2, 'n_estimators': 100}",0.6418,0.0144,525
Random Forest,"{'max_depth': 5, 'max_features': 0.7, 'min_samples_leaf': 4, 'min_samples_split': 2, 'n_estimators': 200}",0.6442,0.0152,506
Random Forest,"{'max_depth': 5, 'max_features': 0.7, 'min_samples_leaf': 4, 'min_samples_split': 2, 'n_estimators': 300}",0.6441,0.0150,508
Random Forest,"{'max_depth': 5, 'max_features': 0.7, 'min_samples_leaf': 4, 'min_samples_split': 5, 'n_estimators': 50}",0.6400,0.0125,536
Random Forest,"{'max_depth': 5, 'max_features': 0.7, 'min_samples_leaf': 4, 'min_samples_split': 5, 'n_estimators': 100}",0.6418,0.0144,525
Random Forest,"{'max_depth': 5, 'max_features': 0.7, 'min_samples_leaf': 4, 'min_samples_split': 5, 'n_estimators': 200}",0.6442,0.0152,506
Random Forest,"{'max_depth': 5, 'max_features': 0.7, 'min_samples_leaf': 4, 'min_samples_split': 5, 'n_estimators': 300}",0.6441,0.0150,508
Random Forest,"{'max_depth': 5, 'max_features': 0.7, 'min_samples_leaf': 4, 'min_samples_split': 10, 'n_estimators': 50}",0.6393,0.0146,539
Random Forest,"{'max_depth': 5, 'max_features': 0.7, 'min_samples_leaf': 4, 'min_samples_split': 10, 'n_estimators': 100}",0.6410,0.0155,532
Random Forest,"{'max_depth': 5, 'max_features': 0.7, 'min_samples_leaf': 4, 'min_samples_split': 10, 'n_estimators': 200}",0.6431,0.0160,520
Random Forest,"{'max_depth': 5, 'max_features': 0.7, 'min_samples_leaf': 4, 'min_samples_split': 10, 'n_estimators': 300}",0.6432,0.0154,518
Random Forest,"{'max_depth': 10, 'max_features': 'sqrt', 'min_samples_leaf': 1, 'min_samples_split': 2, 'n_estimators': 50}",0.6508,0.0063,415
Random Forest,"{'max_depth': 10, 'max_features': 'sqrt', 'min_samples_leaf': 1, 'min_samples_split': 2, 'n_estimators': 100}",0.6559,0.0088,366
Random Forest,"{'max_depth': 10, 'max_features': 'sqrt', 'min_samples_leaf': 1, 'min_samples_split': 2, 'n_estimators': 200}",0.6584,0.0092,305
Random Forest,"{'max_depth': 10, 'max_features': 'sqrt', 'min_samples_leaf': 1, 'min_samples_split': 2, 'n_estimators': 300}",0.6595,0.0092,282
Random Forest,"{'max_depth': 10, 'max_features': 'sqrt', 'min_samples_leaf': 1, 'min_samples_split': 5, 'n_estimators': 50}",0.6592,0.0093,288
Random Forest,"{'max_depth': 10, 'max_features': 'sqrt', 'min_samples_leaf': 1, 'min_samples_split': 5, 'n_estimators': 100}",0.6595,0.0099,284
Random Forest,"{'max_depth': 10, 'max_features': 'sqrt', 'min_samples_leaf': 1, 'min_samples_split': 5, 'n_estimators': 200}",0.6604,0.0091,256
Random Forest,"{'max_depth': 10, 'max_features': 'sqrt', 'min_samples_leaf': 1, 'min_samples_split': 5, 'n_estimators': 300}",0.6603,0.0089,258
Random Forest,"{'max_depth': 10, 'max_features': 'sqrt', 'min_samples_leaf': 1, 'min_samples_split': 10, 'n_estimators': 50}",0.6602,0.0113,266
Random Forest,"{'max_depth': 10, 'max_features': 'sqrt', 'min_samples_leaf': 1, 'min_samples_split': 10, 'n_estimators': 100}",0.6601,0.0093,277
Random Forest,"{'max_depth': 10, 'max_features': 'sqrt', 'min_samples_leaf': 1, 'min_samples_split': 10, 'n_estimators': 200}",0.6612,0.0094,238
Random Forest,"{'max_depth': 10, 'max_features': 'sqrt', 'min_samples_leaf': 1, 'min_samples_split': 10, 'n_estimators': 300}",0.6615,0.0085,236
Random Forest,"{'max_depth': 10, 'max_features': 'sqrt', 'min_samples_leaf': 2, 'min_samples_split': 2, 'n_estimators': 50}",0.6587,0.0062,298
Random Forest,"{'max_depth': 10, 'max_features': 'sqrt', 'min_samples_leaf': 2, 'min_samples_split': 2, 'n_estimators': 100}",0.6605,0.0052,254
Random Forest,"{'max_depth': 10, 'max_features': 'sqrt', 'min_samples_leaf': 2, 'min_samples_split': 2, 'n_estimators': 200}",0.6627,0.0056,206
Random Forest,"{'max_depth': 10, 'max_features': 'sqrt', 'min_samples_leaf': 2, 'min_samples_split': 2, 'n_estimators': 300}",0.6628,0.0073,202
Random Forest,"{'max_depth': 10, 'max_features': 'sqrt', 'min_samples_leaf': 2, 'min_samples_split': 5, 'n_estimators': 50}",0.6555,0.0074,371
Random Forest,"{'max_depth': 10, 'max_features': 'sqrt', 'min_samples_leaf': 2, 'min_samples_split': 5, 'n_estimators': 100}",0.6585,0.0103,303
Random Forest,"{'max_depth': 10, 'max_features': 'sqrt', 'min_samples_leaf': 2, 'min_samples_split': 5, 'n_estimators': 200}",0.6602,0.0107,271
Random Forest,"{'max_depth': 10, 'max_features': 'sqrt', 'min_samples_leaf': 2, 'min_samples_split': 5, 'n_estimators': 300}",0.6601,0.0101,273
Random Forest,"{'max_depth': 10, 'max_features': 'sqrt', 'min_samples_leaf': 2, 'min_samples_split': 10, 'n_estimators': 50}",0.6565,0.0088,351
Random Forest,"{'max_depth': 10, 'max_features': 'sqrt', 'min_samples_leaf': 2, 'min_samples_split': 10, 'n_estimators': 100}",0.6563,0.0079,357
Random Forest,"{'max_depth': 10, 'max_features': 'sqrt', 'min_samples_leaf': 2, 'min_samples_split': 10, 'n_estimators': 200}",0.6606,0.0079,250
Random Forest,"{'max_depth': 10, 'max_features': 'sqrt', 'min_samples_leaf': 2, 'min_samples_split': 10, 'n_estimators': 300}",0.6605,0.0088,252
Random Forest,"{'max_depth': 10, 'max_features': 'sqrt', 'min_samples_leaf': 4, 'min_samples_split': 2, 'n_estimators': 50}",0.6563,0.0060,353
Random Forest,"{'max_depth': 10, 'max_features': 'sqrt', 'min_samples_leaf': 4, 'min_samples_split': 2, 'n_estimators': 100}",0.6591,0.0074,290
Random Forest,"{'max_depth': 10, 'max_features': 'sqrt', 'min_samples_leaf': 4, 'min_samples_split': 2, 'n_estimators': 200}",0.6630,0.0092,190
Random Forest,"{'max_depth': 10, 'max_features': 'sqrt', 'min_samples_leaf': 4, 'min_samples_split': 2, 'n_estimators': 300}",0.6625,0.0099,211
Random Forest,"{'max_depth': 10, 'max_features': 'sqrt', 'min_samples_leaf': 4, 'min_samples_split': 5, 'n_estimators': 50}",0.6563,0.0060,353
Random Forest,"{'max_depth': 10, 'max_features': 'sqrt', 'min_samples_leaf': 4, 'min_samples_split': 5, 'n_estimators': 100}",0.6591,0.0074,290
Random Forest,"{'max_depth': 10, 'max_features': 'sqrt', 'min_samples_leaf': 4, 'min_samples_split': 5, 'n_estimators': 200}",0.6630,0.0092,190
Random Forest,"{'max_depth': 10, 'max_features': 'sqrt', 'min_samples_leaf': 4, 'min_samples_split': 5, 'n_estimators': 300}",0.6625,0.0099,211
Random Forest,"{'max_depth': 10, 'max_features': 'sqrt', 'min_samples_leaf': 4, 'min_samples_split': 10, 'n_estimators': 50}",0.6610,0.0083,241
Random Forest,"{'max_depth': 10, 'max_features': 'sqrt', 'min_samples_leaf': 4, 'min_samples_split': 10, 'n_estimators': 100}",0.6625,0.0093,209
Random Forest,"{'max_depth': 10, 'max_features': 'sqrt', 'min_samples_leaf': 4, 'min_samples_split': 10, 'n_estimators': 200}",0.6629,0.0082,199
Random Forest,"{'max_depth': 10, 'max_features': 'sqrt', 'min_samples_leaf': 4, 'min_samples_split': 10, 'n_estimators': 300}",0.6634,0.0098,173
Random Forest,"{'max_depth': 10, 'max_features': 'log2', 'min_samples_leaf': 1, 'min_samples_split': 2, 'n_estimators': 50}",0.6508,0.0063,415
Random Forest,"{'max_depth': 10, 'max_features': 'log2', 'min_samples_leaf': 1, 'min_samples_split': 2, 'n_estimators': 100}",0.6559,0.0088,366
Random Forest,"{'max_depth': 10, 'max_features': 'log2', 'min_samples_leaf': 1, 'min_samples_split': 2, 'n_estimators': 200}",0.6584,0.0092,305
Random Forest,"{'max_depth': 10, 'max_features': 'log2', 'min_samples_leaf': 1, 'min_samples_split': 2, 'n_estimators': 300}",0.6595,0.0092,282
Random Forest,"{'max_depth': 10, 'max_features': 'log2', 'min_samples_leaf': 1, 'min_samples_split': 5, 'n_estimators': 50}",0.6592,0.0093,288
Random Forest,"{'max_depth': 10, 'max_features': 'log2', 'min_samples_leaf': 1, 'min_samples_split': 5, 'n_estimators': 100}",0.6595,0.0099,284
Random Forest,"{'max_depth': 10, 'max_features': 'log2', 'min_samples_leaf': 1, 'min_samples_split': 5, 'n_estimators': 200}",0.6604,0.0091,256
Random Forest,"{'max_depth': 10, 'max_features': 'log2', 'min_samples_leaf': 1, 'min_samples_split': 5, 'n_estimators': 300}",0.6603,0.0089,258
Random Forest,"{'max_depth': 10, 'max_features': 'log2', 'min_samples_leaf': 1, 'min_samples_split': 10, 'n_estimators': 50}",0.6602,0.0113,266
Random Forest,"{'max_depth': 10, 'max_features': 'log2', 'min_samples_leaf': 1, 'min_samples_split': 10, 'n_estimators': 100}",0.6601,0.0093,277
Random Forest,"{'max_depth': 10, 'max_features': 'log2', 'min_samples_leaf': 1, 'min_samples_split': 10, 'n_estimators': 200}",0.6612,0.0094,238
Random Forest,"{'max_depth': 10, 'max_features': 'log2', 'min_samples_leaf': 1, 'min_samples_split': 10, 'n_estimators': 300}",0.6615,0.0085,236
Random Forest,"{'max_depth': 10, 'max_features': 'log2', 'min_samples_leaf': 2, 'min_samples_split': 2, 'n_estimators': 50}",0.6587,0.0062,298
Random Forest,"{'max_depth': 10, 'max_features': 'log2', 'min_samples_leaf': 2, 'min_samples_split': 2, 'n_estimators': 100}",0.6605,0.0052,254
Random Forest,"{'max_depth': 10, 'max_features': 'log2', 'min_samples_leaf': 2, 'min_samples_split': 2, 'n_estimators': 200}",0.6627,0.0056,206
Random Forest,"{'max_depth': 10, 'max_features': 'log2', 'min_samples_leaf': 2, 'min_samples_split': 2, 'n_estimators': 300}",0.6628,0.0073,202
Random Forest,"{'max_depth': 10, 'max_features': 'log2', 'min_samples_leaf': 2, 'min_samples_split': 5, 'n_estimators': 50}",0.6555,0.0074,371
Random Forest,"{'max_depth': 10, 'max_features': 'log2', 'min_samples_leaf': 2, 'min_samples_split': 5, 'n_estimators': 100}",0.6585,0.0103,303
Random Forest,"{'max_depth': 10, 'max_features': 'log2', 'min_samples_leaf': 2, 'min_samples_split': 5, 'n_estimators': 200}",0.6602,0.0107,271
Random Forest,"{'max_depth': 10, 'max_features': 'log2', 'min_samples_leaf': 2, 'min_samples_split': 5, 'n_estimators': 300}",0.6601,0.0101,273
Random Forest,"{'max_depth': 10, 'max_features': 'log2', 'min_samples_leaf': 2, 'min_samples_split': 10, 'n_estimators': 50}",0.6565,0.0088,351
Random Forest,"{'max_depth': 10, 'max_features': 'log2', 'min_samples_leaf': 2, 'min_samples_split': 10, 'n_estimators': 100}",0.6563,0.0079,357
Random Forest,"{'max_depth': 10, 'max_features': 'log2', 'min_samples_leaf': 2, 'min_samples_split': 10, 'n_estimators': 200}",0.6606,0.0079,250
Random Forest,"{'max_depth': 10, 'max_features': 'log2', 'min_samples_leaf': 2, 'min_samples_split': 10, 'n_estimators': 300}",0.6605,0.0088,252
Random Forest,"{'max_depth': 10, 'max_features': 'log2', 'min_samples_leaf': 4, 'min_samples_split': 2, 'n_estimators': 50}",0.6563,0.0060,353
Random Forest,"{'max_depth': 10, 'max_features': 'log2', 'min_samples_leaf': 4, 'min_samples_split': 2, 'n_estimators': 100}",0.6591,0.0074,290
Random Forest,"{'max_depth': 10, 'max_features': 'log2', 'min_samples_leaf': 4, 'min_samples_split': 2, 'n_estimators': 200}",0.6630,0.0092,190
Random Forest,"{'max_depth': 10, 'max_features': 'log2', 'min_samples_leaf': 4, 'min_samples_split': 2, 'n_estimators': 300}",0.6625,0.0099,211
Random Forest,"{'max_depth': 10, 'max_features': 'log2', 'min_samples_leaf': 4, 'min_samples_split': 5, 'n_estimators': 50}",0.6563,0.0060,353
Random Forest,"{'max_depth': 10, 'max_features': 'log2', 'min_samples_leaf': 4, 'min_samples_split': 5, 'n_estimators': 100}",0.6591,0.0074,290
Random Forest,"{'max_depth': 10, 'max_features': 'log2', 'min_samples_leaf': 4, 'min_samples_split': 5, 'n_estimators': 200}",0.6630,0.0092,190
Random Forest,"{'max_depth': 10, 'max_features': 'log2', 'min_samples_leaf': 4, 'min_samples_split': 5, 'n_estimators': 300}",0.6625,0.0099,211
Random Forest,"{'max_depth': 10, 'max_features': 'log2', 'min_samples_leaf': 4, 'min_samples_split': 10, 'n_estimators': 50}",0.6610,0.0083,241
Random Forest,"{'max_depth': 10, 'max_features': 'log2', 'min_samples_leaf': 4, 'min_samples_split': 10, 'n_estimators': 100}",0.6625,0.0093,209
Random Forest,"{'max_depth': 10, 'max_features': 'log2', 'min_samples_leaf': 4, 'min_samples_split': 10, 'n_estimators': 200}",0.6629,0.0082,199
Random Forest,"{'max_depth': 10, 'max_features': 'log2', 'min_samples_leaf': 4, 'min_samples_split': 10, 'n_estimators': 300}",0.6634,0.0098,173
Random Forest,"{'max_depth': 10, 'max_features': 0.7, 'min_samples_leaf': 1, 'min_samples_split': 2, 'n_estimators': 50}",0.6496,0.0087,423
Random Forest,"{'max_depth': 10, 'max_features': 0.7, 'min_samples_leaf': 1, 'min_samples_split': 2, 'n_estimators': 100}",0.6522,0.0094,411
Random Forest,"{'max_depth': 10, 'max_features': 0.7, 'min_samples_leaf': 1, 'min_samples_split': 2, 'n_estimators': 200}",0.6553,0.0096,377
Random Forest,"{'max_depth': 10, 'max_features': 0.7, 'min_samples_leaf': 1, 'min_samples_split': 2, 'n_estimators': 300}",0.6550,0.0079,382
Random Forest,"{'max_depth': 10, 'max_features': 0.7, 'min_samples_leaf': 1, 'min_samples_split': 5, 'n_estimators': 50}",0.6500,0.0085,419
Random Forest,"{'max_depth': 10, 'max_features': 0.7, 'min_samples_leaf': 1, 'min_samples_split': 5, 'n_estimators': 100}",0.6529,0.0080,408
Random Forest,"{'max_depth': 10, 'max_features': 0.7, 'min_samples_leaf': 1, 'min_samples_split': 5, 'n_estimators': 200}",0.6550,0.0054,381
Random Forest,"{'max_depth': 10, 'max_features': 0.7, 'min_samples_leaf': 1, 'min_samples_split': 5, 'n_estimators': 300}",0.6561,0.0057,362
Random Forest,"{'max_depth': 10, 'max_features': 0.7, 'min_samples_leaf': 1, 'min_samples_split': 10, 'n_estimators': 50}",0.6492,0.0073,429
Random Forest,"{'max_depth': 10, 'max_features': 0.7, 'min_samples_leaf': 1, 'min_samples_split': 10, 'n_estimators': 100}",0.6542,0.0069,388
Random Forest,"{'max_depth': 10, 'max_features': 0.7, 'min_samples_leaf': 1, 'min_samples_split': 10, 'n_estimators': 200}",0.6571,0.0064,339
Random Forest,"{'max_depth': 10, 'max_features': 0.7, 'min_samples_leaf': 1, 'min_samples_split': 10, 'n_estimators': 300}",0.6573,0.0054,336
Random Forest,"{'max_depth': 10, 'max_features': 0.7, 'min_samples_leaf': 2, 'min_samples_split': 2, 'n_estimators': 50}",0.6493,0.0046,428
Random Forest,"{'max_depth': 10, 'max_features': 0.7, 'min_samples_leaf': 2, 'min_samples_split': 2, 'n_estimators': 100}",0.6542,0.0055,391
Random Forest,"{'max_depth': 10, 'max_features': 0.7, 'min_samples_leaf': 2, 'min_samples_split': 2, 'n_estimators': 200}",0.6574,0.0056,328
Random Forest,"{'max_depth': 10, 'max_features': 0.7, 'min_samples_leaf': 2, 'min_samples_split': 2, 'n_estimators': 300}",0.6583,0.0050,314
Random Forest,"{'max_depth': 10, 'max_features': 0.7, 'min_samples_leaf': 2, 'min_samples_split': 5, 'n_estimators': 50}",0.6499,0.0102,420
Random Forest,"{'max_depth': 10, 'max_features': 0.7, 'min_samples_leaf': 2, 'min_samples_split': 5, 'n_estimators': 100}",0.6531,0.0075,406
Random Forest,"{'max_depth': 10, 'max_features': 0.7, 'min_samples_leaf': 2, 'min_samples_split': 5, 'n_estimators': 200}",0.6561,0.0079,364
Random Forest,"{'max_depth': 10, 'max_features': 0.7, 'min_samples_leaf': 2, 'min_samples_split': 5, 'n_estimators': 300}",0.6585,0.0057,302
Random Forest,"{'max_depth': 10, 'max_features': 0.7, 'min_samples_leaf': 2, 'min_samples_split': 10, 'n_estimators': 50}",0.6494,0.0081,426
Random Forest,"{'max_depth': 10, 'max_features': 0.7, 'min_samples_leaf': 2, 'min_samples_split': 10, 'n_estimators': 100}",0.6534,0.0086,403
Random Forest,"{'max_depth': 10, 'max_features': 0.7, 'min_samples_leaf': 2, 'min_samples_split': 10, 'n_estimators': 200}",0.6571,0.0086,338
Random Forest,"{'max_depth': 10, 'max_features': 0.7, 'min_samples_leaf': 2, 'min_samples_split': 10, 'n_estimators': 300}",0.6583,0.0076,311
Random Forest,"{'max_depth': 10, 'max_features': 0.7, 'min_samples_leaf': 4, 'min_samples_split': 2, 'n_estimators': 50}",0.6527,0.0120,409
Random Forest,"{'max_depth': 10, 'max_features': 0.7, 'min_samples_leaf': 4, 'min_samples_split': 2, 'n_estimators': 100}",0.6557,0.0089,369
Random Forest,"{'max_depth': 10, 'max_features': 0.7, 'min_samples_leaf': 4, 'min_samples_split': 2, 'n_estimators': 200}",0.6577,0.0085,322
Random Forest,"{'max_depth': 10, 'max_features': 0.7, 'min_samples_leaf': 4, 'min_samples_split': 2, 'n_estimators': 300}",0.6587,0.0078,300
Random Forest,"{'max_depth': 10, 'max_features': 0.7, 'min_samples_leaf': 4, 'min_samples_split': 5, 'n_estimators': 50}",0.6527,0.0120,409
Random Forest,"{'max_depth': 10, 'max_features': 0.7, 'min_samples_leaf': 4, 'min_samples_split': 5, 'n_estimators': 100}",0.6557,0.0089,369
Random Forest,"{'max_depth': 10, 'max_features': 0.7, 'min_samples_leaf': 4, 'min_samples_split': 5, 'n_estimators': 200}",0.6577,0.0085,322
Random Forest,"{'max_depth': 10, 'max_features': 0.7, 'min_samples_leaf': 4, 'min_samples_split': 5, 'n_estimators': 300}",0.6587,0.0078,300
Random Forest,"{'max_depth': 10, 'max_features': 0.7, 'min_samples_leaf': 4, 'min_samples_split': 10, 'n_estimators': 50}",0.6545,0.0103,386
Random Forest,"{'max_depth': 10, 'max_features': 0.7, 'min_samples_leaf': 4, 'min_samples_split': 10, 'n_estimators': 100}",0.6569,0.0095,344
Random Forest,"{'max_depth': 10, 'max_features': 0.7, 'min_samples_leaf': 4, 'min_samples_split': 10, 'n_estimators': 200}",0.6602,0.0093,265
Random Forest,"{'max_depth': 10, 'max_features': 0.7, 'min_samples_leaf': 4, 'min_samples_split': 10, 'n_estimators': 300}",0.6606,0.0094,249
Random Forest,"{'max_depth': 20, 'max_features': 'sqrt', 'min_samples_leaf': 1, 'min_samples_split': 2, 'n_estimators': 50}",0.6495,0.0083,424
Random Forest,"{'max_depth': 20, 'max_features': 'sqrt', 'min_samples_leaf': 1, 'min_samples_split': 2, 'n_estimators': 100}",0.6554,0.0108,375
Random Forest,"{'max_depth': 20, 'max_features': 'sqrt', 'min_samples_leaf': 1, 'min_samples_split': 2, 'n_estimators': 200}",0.6646,0.0112,149
Random Forest,"{'max_depth': 20, 'max_features': 'sqrt', 'min_samples_leaf': 1, 'min_samples_split': 2, 'n_estimators': 300}",0.6653,0.0125,131
Random Forest,"{'max_depth': 20, 'max_features': 'sqrt', 'min_samples_leaf': 1, 'min_samples_split': 5, 'n_estimators': 50}",0.6539,0.0092,396
Random Forest,"{'max_depth': 20, 'max_features': 'sqrt', 'min_samples_leaf': 1, 'min_samples_split': 5, 'n_estimators': 100}",0.6603,0.0117,260
Random Forest,"{'max_depth': 20, 'max_features': 'sqrt', 'min_samples_leaf': 1, 'min_samples_split': 5, 'n_estimators': 200}",0.6676,0.0084,87
Random Forest,"{'max_depth': 20, 'max_features': 'sqrt', 'min_samples_leaf': 1, 'min_samples_split': 5, 'n_estimators': 300}",0.6676,0.0081,91
Random Forest,"{'max_depth': 20, 'max_features': 'sqrt', 'min_samples_leaf': 1, 'min_samples_split': 10, 'n_estimators': 50}",0.6595,0.0092,286
Random Forest,"{'max_depth': 20, 'max_features': 'sqrt', 'min_samples_leaf': 1, 'min_samples_split': 10, 'n_estimators': 100}",0.6636,0.0067,167
Random Forest,"{'max_depth': 20, 'max_features': 'sqrt', 'min_samples_leaf': 1, 'min_samples_split': 10, 'n_estimators': 200}",0.6670,0.0083,107
Random Forest,"{'max_depth': 20, 'max_features': 'sqrt', 'min_samples_leaf': 1, 'min_samples_split': 10, 'n_estimators': 300}",0.6673,0.0079,101
Random Forest,"{'max_depth': 20, 'max_features': 'sqrt', 'min_samples_leaf': 2, 'min_samples_split': 2, 'n_estimators': 50}",0.6584,0.0103,309
Random Forest,"{'max_depth': 20, 'max_features': 'sqrt', 'min_samples_leaf': 2, 'min_samples_split': 2, 'n_estimators': 100}",0.6659,0.0090,121
Random Forest,"{'max_depth': 20, 'max_features': 'sqrt', 'min_samples_leaf': 2, 'min_samples_split': 2, 'n_estimators': 200}",0.6688,0.0081,61
Random Forest,"{'max_depth': 20, 'max_features': 'sqrt', 'min_samples_leaf': 2, 'min_samples_split': 2, 'n_estimators': 300}",0.6679,0.0088,83
Random Forest,"{'max_depth': 20, 'max_features': 'sqrt', 'min_samples_leaf': 2, 'min_samples_split': 5, 'n_estimators': 50}",0.6619,0.0062,229
Random Forest,"{'max_depth': 20, 'max_features': 'sqrt', 'min_samples_leaf': 2, 'min_samples_split': 5, 'n_estimators': 100}",0.6648,0.0096,139
Random Forest,"{'max_depth': 20, 'max_features': 'sqrt', 'min_samples_leaf': 2, 'min_samples_split': 5, 'n_estimators': 200}",0.6673,0.0087,103
Random Forest,"{'max_depth': 20, 'max_features': 'sqrt', 'min_samples_leaf': 2, 'min_samples_split': 5, 'n_estimators': 300}",0.6683,0.0085,73
Random Forest,"{'max_depth': 20, 'max_features': 'sqrt', 'min_samples_leaf': 2, 'min_samples_split': 10, 'n_estimators': 50}",0.6629,0.0088,194
Random Forest,"{'max_depth': 20, 'max_features': 'sqrt', 'min_samples_leaf': 2, 'min_samples_split': 10, 'n_estimators': 100}",0.6677,0.0082,85
Random Forest,"{'max_depth': 20, 'max_features': 'sqrt', 'min_samples_leaf': 2, 'min_samples_split': 10, 'n_estimators': 200}",0.6691,0.0090,55
Random Forest,"{'max_depth': 20, 'max_features': 'sqrt', 'min_samples_leaf': 2, 'min_samples_split': 10, 'n_estimators': 300}",0.6699,0.0097,35
Random Forest,"{'max_depth': 20, 'max_features': 'sqrt', 'min_samples_leaf': 4, 'min_samples_split': 2, 'n_estimators': 50}",0.6633,0.0112,177
Random Forest,"{'max_depth': 20, 'max_features': 'sqrt', 'min_samples_leaf': 4, 'min_samples_split': 2, 'n_estimators': 100}",0.6696,0.0111,47
Random Forest,"{'max_depth': 20, 'max_features': 'sqrt', 'min_samples_leaf': 4, 'min_samples_split': 2, 'n_estimators': 200}",0.6709,0.0121,25
Random Forest,"{'max_depth': 20, 'max_features': 'sqrt', 'min_samples_leaf': 4, 'min_samples_split': 2, 'n_estimators': 300}",0.6713,0.0105,9
Random Forest,"{'max_depth': 20, 'max_features': 'sqrt', 'min_samples_leaf': 4, 'min_samples_split': 5, 'n_estimators': 50}",0.6633,0.0112,177
Random Forest,"{'max_depth': 20, 'max_features': 'sqrt', 'min_samples_leaf': 4, 'min_samples_split': 5, 'n_estimators': 100}",0.6696,0.0111,47
Random Forest,"{'max_depth': 20, 'max_features': 'sqrt', 'min_samples_leaf': 4, 'min_samples_split': 5, 'n_estimators': 200}",0.6709,0.0121,25
Random Forest,"{'max_depth': 20, 'max_features': 'sqrt', 'min_samples_leaf': 4, 'min_samples_split': 5, 'n_estimators': 300}",0.6713,0.0105,9
Random Forest,"{'max_depth': 20, 'max_features': 'sqrt', 'min_samples_leaf': 4, 'min_samples_split': 10, 'n_estimators': 50}",0.6601,0.0078,275
Random Forest,"{'max_depth': 20, 'max_features': 'sqrt', 'min_samples_leaf': 4, 'min_samples_split': 10, 'n_estimators': 100}",0.6668,0.0087,109
Random Forest,"{'max_depth': 20, 'max_features': 'sqrt', 'min_samples_leaf': 4, 'min_samples_split': 10, 'n_estimators': 200}",0.6697,0.0097,37
Random Forest,"{'max_depth': 20, 'max_features': 'sqrt', 'min_samples_leaf': 4, 'min_samples_split': 10, 'n_estimators': 300}",0.6700,0.0116,33
Random Forest,"{'max_depth': 20, 'max_features': 'log2', 'min_samples_leaf': 1, 'min_samples_split': 2, 'n_estimators': 50}",0.6495,0.0083,424
Random Forest,"{'max_depth': 20, 'max_features': 'log2', 'min_samples_leaf': 1, 'min_samples_split': 2, 'n_estimators': 100}",0.6554,0.0108,375
Random Forest,"{'max_depth': 20, 'max_features': 'log2', 'min_samples_leaf': 1, 'min_samples_split': 2, 'n_estimators': 200}",0.6646,0.0112,149
Random Forest,"{'max_depth': 20, 'max_features': 'log2', 'min_samples_leaf': 1, 'min_samples_split': 2, 'n_estimators': 300}",0.6653,0.0125,131
Random Forest,"{'max_depth': 20, 'max_features': 'log2', 'min_samples_leaf': 1, 'min_samples_split': 5, 'n_estimators': 50}",0.6539,0.0092,396
Random Forest,"{'max_depth': 20, 'max_features': 'log2', 'min_samples_leaf': 1, 'min_samples_split': 5, 'n_estimators': 100}",0.6603,0.0117,260
Random Forest,"{'max_depth': 20, 'max_features': 'log2', 'min_samples_leaf': 1, 'min_samples_split': 5, 'n_estimators': 200}",0.6676,0.0084,87
Random Forest,"{'max_depth': 20, 'max_features': 'log2', 'min_samples_leaf': 1, 'min_samples_split': 5, 'n_estimators': 300}",0.6676,0.0081,91
Random Forest,"{'max_depth': 20, 'max_features': 'log2', 'min_samples_leaf': 1, 'min_samples_split': 10, 'n_estimators': 50}",0.6595,0.0092,286
Random Forest,"{'max_depth': 20, 'max_features': 'log2', 'min_samples_leaf': 1, 'min_samples_split': 10, 'n_estimators': 100}",0.6636,0.0067,167
Random Forest,"{'max_depth': 20, 'max_features': 'log2', 'min_samples_leaf': 1, 'min_samples_split': 10, 'n_estimators': 200}",0.6670,0.0083,107
Random Forest,"{'max_depth': 20, 'max_features': 'log2', 'min_samples_leaf': 1, 'min_samples_split': 10, 'n_estimators': 300}",0.6673,0.0079,101
Random Forest,"{'max_depth': 20, 'max_features': 'log2', 'min_samples_leaf': 2, 'min_samples_split': 2, 'n_estimators': 50}",0.6584,0.0103,309
Random Forest,"{'max_depth': 20, 'max_features': 'log2', 'min_samples_leaf': 2, 'min_samples_split': 2, 'n_estimators': 100}",0.6659,0.0090,121
Random Forest,"{'max_depth': 20, 'max_features': 'log2', 'min_samples_leaf': 2, 'min_samples_split': 2, 'n_estimators': 200}",0.6688,0.0081,61
Random Forest,"{'max_depth': 20, 'max_features': 'log2', 'min_samples_leaf': 2, 'min_samples_split': 2, 'n_estimators': 300}",0.6679,0.0088,83
Random Forest,"{'max_depth': 20, 'max_features': 'log2', 'min_samples_leaf': 2, 'min_samples_split': 5, 'n_estimators': 50}",0.6619,0.0062,229
Random Forest,"{'max_depth': 20, 'max_features': 'log2', 'min_samples_leaf': 2, 'min_samples_split': 5, 'n_estimators': 100}",0.6648,0.0096,139
Random Forest,"{'max_depth': 20, 'max_features': 'log2', 'min_samples_leaf': 2, 'min_samples_split': 5, 'n_estimators': 200}",0.6673,0.0087,103
Random Forest,"{'max_depth': 20, 'max_features': 'log2', 'min_samples_leaf': 2, 'min_samples_split': 5, 'n_estimators': 300}",0.6683,0.0085,73
Random Forest,"{'max_depth': 20, 'max_features': 'log2', 'min_samples_leaf': 2, 'min_samples_split': 10, 'n_estimators': 50}",0.6629,0.0088,194
Random Forest,"{'max_depth': 20, 'max_features': 'log2', 'min_samples_leaf': 2, 'min_samples_split': 10, 'n_estimators': 100}",0.6677,0.0082,85
Random Forest,"{'max_depth': 20, 'max_features': 'log2', 'min_samples_leaf': 2, 'min_samples_split': 10, 'n_estimators': 200}",0.6691,0.0090,55
Random Forest,"{'max_depth': 20, 'max_features': 'log2', 'min_samples_leaf': 2, 'min_samples_split': 10, 'n_estimators': 300}",0.6699,0.0097,35
Random Forest,"{'max_depth': 20, 'max_features': 'log2', 'min_samples_leaf': 4, 'min_samples_split': 2, 'n_estimators': 50}",0.6633,0.0112,177
Random Forest,"{'max_depth': 20, 'max_features': 'log2', 'min_samples_leaf': 4, 'min_samples_split': 2, 'n_estimators': 100}",0.6696,0.0111,47
Random Forest,"{'max_depth': 20, 'max_features': 'log2', 'min_samples_leaf': 4, 'min_samples_split': 2, 'n_estimators': 200}",0.6709,0.0121,25
Random Forest,"{'max_depth': 20, 'max_features': 'log2', 'min_samples_leaf': 4, 'min_samples_split': 2, 'n_estimators': 300}",0.6713,0.0105,9
Random Forest,"{'max_depth': 20, 'max_features': 'log2', 'min_samples_leaf': 4, 'min_samples_split': 5, 'n_estimators': 50}",0.6633,0.0112,177
Random Forest,"{'max_depth': 20, 'max_features': 'log2', 'min_samples_leaf': 4, 'min_samples_split': 5, 'n_estimators': 100}",0.6696,0.0111,47
Random Forest,"{'max_depth': 20, 'max_features': 'log2', 'min_samples_leaf': 4, 'min_samples_split': 5, 'n_estimators': 200}",0.6709,0.0121,25
Random Forest,"{'max_depth': 20, 'max_features': 'log2', 'min_samples_leaf': 4, 'min_samples_split': 5, 'n_estimators': 300}",0.6713,0.0105,9
Random Forest,"{'max_depth': 20, 'max_features': 'log2', 'min_samples_leaf': 4, 'min_samples_split': 10, 'n_estimators': 50}",0.6601,0.0078,275
Random Forest,"{'max_depth': 20, 'max_features': 'log2', 'min_samples_leaf': 4, 'min_samples_split': 10, 'n_estimators': 100}",0.6668,0.0087,109
Random Forest,"{'max_depth': 20, 'max_features': 'log2', 'min_samples_leaf': 4, 'min_samples_split': 10, 'n_estimators': 200}",0.6697,0.0097,37
Random Forest,"{'max_depth': 20, 'max_features': 'log2', 'min_samples_leaf': 4, 'min_samples_split': 10, 'n_estimators': 300}",0.6700,0.0116,33
Random Forest,"{'max_depth': 20, 'max_features': 0.7, 'min_samples_leaf': 1, 'min_samples_split': 2, 'n_estimators': 50}",0.6507,0.0064,417
Random Forest,"{'max_depth': 20, 'max_features': 0.7, 'min_samples_leaf': 1, 'min_samples_split': 2, 'n_estimators': 100}",0.6540,0.0069,394
Random Forest,"{'max_depth': 20, 'max_features': 0.7, 'min_samples_leaf': 1, 'min_samples_split': 2, 'n_estimators': 200}",0.6562,0.0051,361
Random Forest,"{'max_depth': 20, 'max_features': 0.7, 'min_samples_leaf': 1, 'min_samples_split': 2, 'n_estimators': 300}",0.6581,0.0051,315
Random Forest,"{'max_depth': 20, 'max_features': 0.7, 'min_samples_leaf': 1, 'min_samples_split': 5, 'n_estimators': 50}",0.6516,0.0074,412
Random Forest,"{'max_depth': 20, 'max_features': 0.7, 'min_samples_leaf': 1, 'min_samples_split': 5, 'n_estimators': 100}",0.6570,0.0073,343
Random Forest,"{'max_depth': 20, 'max_features': 0.7, 'min_samples_leaf': 1, 'min_samples_split': 5, 'n_estimators': 200}",0.6574,0.0064,329
Random Forest,"{'max_depth': 20, 'max_features': 0.7, 'min_samples_leaf': 1, 'min_samples_split': 5, 'n_estimators': 300}",0.6580,0.0063,316
Random Forest,"{'max_depth': 20, 'max_features': 0.7, 'min_samples_leaf': 1, 'min_samples_split': 10, 'n_estimators': 50}",0.6493,0.0120,427
Random Forest,"{'max_depth': 20, 'max_features': 0.7, 'min_samples_leaf': 1, 'min_samples_split': 10, 'n_estimators': 100}",0.6541,0.0093,393
Random Forest,"{'max_depth': 20, 'max_features': 0.7, 'min_samples_leaf': 1, 'min_samples_split': 10, 'n_estimators': 200}",0.6565,0.0090,350
Random Forest,"{'max_depth': 20, 'max_features': 0.7, 'min_samples_leaf': 1, 'min_samples_split': 10, 'n_estimators': 300}",0.6591,0.0081,295
Random Forest,"{'max_depth': 20, 'max_features': 0.7, 'min_samples_leaf': 2, 'min_samples_split': 2, 'n_estimators': 50}",0.6577,0.0090,320
Random Forest,"{'max_depth': 20, 'max_features': 0.7, 'min_samples_leaf': 2, 'min_samples_split': 2, 'n_estimators': 100}",0.6617,0.0110,233
Random Forest,"{'max_depth': 20, 'max_features': 0.7, 'min_samples_leaf': 2, 'min_samples_split': 2, 'n_estimators': 200}",0.6632,0.0120,182
Random Forest,"{'max_depth': 20, 'max_features': 0.7, 'min_samples_leaf': 2, 'min_samples_split': 2, 'n_estimators': 300}",0.6632,0.0091,181
Random Forest,"{'max_depth': 20, 'max_features': 0.7, 'min_samples_leaf': 2, 'min_samples_split': 5, 'n_estimators': 50}",0.6533,0.0115,404
Random Forest,"{'max_depth': 20, 'max_features': 0.7, 'min_samples_leaf': 2, 'min_samples_split': 5, 'n_estimators': 100}",0.6577,0.0090,319
Random Forest,"{'max_depth': 20, 'max_features': 0.7, 'min_samples_leaf': 2, 'min_samples_split': 5, 'n_estimators': 200}",0.6599,0.0096,281
Random Forest,"{'max_depth': 20, 'max_features': 0.7, 'min_samples_leaf': 2, 'min_samples_split': 5, 'n_estimators': 300}",0.6617,0.0071,232
Random Forest,"{'max_depth': 20, 'max_features': 0.7, 'min_samples_leaf': 2, 'min_samples_split': 10, 'n_estimators': 50}",0.6542,0.0107,392
Random Forest,"{'max_depth': 20, 'max_features': 0.7, 'min_samples_leaf': 2, 'min_samples_split': 10, 'n_estimators': 100}",0.6574,0.0099,330
Random Forest,"{'max_depth': 20, 'max_features': 0.7, 'min_samples_leaf': 2, 'min_samples_split': 10, 'n_estimators': 200}",0.6610,0.0083,240
Random Forest,"{'max_depth': 20, 'max_features': 0.7, 'min_samples_leaf': 2, 'min_samples_split': 10, 'n_estimators': 300}",0.6626,0.0065,208
Random Forest,"{'max_depth': 20, 'max_features': 0.7, 'min_samples_leaf': 4, 'min_samples_split': 2, 'n_estimators': 50}",0.6566,0.0097,347
Random Forest,"{'max_depth': 20, 'max_features': 0.7, 'min_samples_leaf': 4, 'min_samples_split': 2, 'n_estimators': 100}",0.6623,0.0076,217
Random Forest,"{'max_depth': 20, 'max_features': 0.7, 'min_samples_leaf': 4, 'min_samples_split': 2, 'n_estimators': 200}",0.6634,0.0083,171
Random Forest,"{'max_depth': 20, 'max_features': 0.7, 'min_samples_leaf': 4, 'min_samples_split': 2, 'n_estimators': 300}",0.6644,0.0077,153
Random Forest,"{'max_depth': 20, 'max_features': 0.7, 'min_samples_leaf': 4, 'min_samples_split': 5, 'n_estimators': 50}",0.6566,0.0097,347
Random Forest,"{'max_depth': 20, 'max_features': 0.7, 'min_samples_leaf': 4, 'min_samples_split': 5, 'n_estimators': 100}",0.6623,0.0076,217
Random Forest,"{'max_depth': 20, 'max_features': 0.7, 'min_samples_leaf': 4, 'min_samples_split': 5, 'n_estimators': 200}",0.6634,0.0083,171
Random Forest,"{'max_depth': 20, 'max_features': 0.7, 'min_samples_leaf': 4, 'min_samples_split': 5, 'n_estimators': 300}",0.6644,0.0077,153
Random Forest,"{'max_depth': 20, 'max_features': 0.7, 'min_samples_leaf': 4, 'min_samples_split': 10, 'n_estimators': 50}",0.6560,0.0076,365
Random Forest,"{'max_depth': 20, 'max_features': 0.7, 'min_samples_leaf': 4, 'min_samples_split': 10, 'n_estimators': 100}",0.6591,0.0098,294
Random Forest,"{'max_depth': 20, 'max_features': 0.7, 'min_samples_leaf': 4, 'min_samples_split': 10, 'n_estimators': 200}",0.6623,0.0111,216
Random Forest,"{'max_depth': 20, 'max_features': 0.7, 'min_samples_leaf': 4, 'min_samples_split': 10, 'n_estimators': 300}",0.6630,0.0098,186
Random Forest,"{'max_depth': 30, 'max_features': 'sqrt', 'min_samples_leaf': 1, 'min_samples_split': 2, 'n_estimators': 50}",0.6542,0.0068,389
Random Forest,"{'max_depth': 30, 'max_features': 'sqrt', 'min_samples_leaf': 1, 'min_samples_split': 2, 'n_estimators': 100}",0.6554,0.0115,373
Random Forest,"{'max_depth': 30, 'max_features': 'sqrt', 'min_samples_leaf': 1, 'min_samples_split': 2, 'n_estimators': 200}",0.6641,0.0091,163
Random Forest,"{'max_depth': 30, 'max_features': 'sqrt', 'min_samples_leaf': 1, 'min_samples_split': 2, 'n_estimators': 300}",0.6664,0.0102,113
Random Forest,"{'max_depth': 30, 'max_features': 'sqrt', 'min_samples_leaf': 1, 'min_samples_split': 5, 'n_estimators': 50}",0.6575,0.0052,326
Random Forest,"{'max_depth': 30, 'max_features': 'sqrt', 'min_samples_leaf': 1, 'min_samples_split': 5, 'n_estimators': 100}",0.6637,0.0068,165
Random Forest,"{'max_depth': 30, 'max_features': 'sqrt', 'min_samples_leaf': 1, 'min_samples_split': 5, 'n_estimators': 200}",0.6680,0.0070,79
Random Forest,"{'max_depth': 30, 'max_features': 'sqrt', 'min_samples_leaf': 1, 'min_samples_split': 5, 'n_estimators': 300}",0.6693,0.0057,51
Random Forest,"{'max_depth': 30, 'max_features': 'sqrt', 'min_samples_leaf': 1, 'min_samples_split': 10, 'n_estimators': 50}",0.6607,0.0090,247
Random Forest,"{'max_depth': 30, 'max_features': 'sqrt', 'min_samples_leaf': 1, 'min_samples_split': 10, 'n_estimators': 100}",0.6643,0.0056,157
Random Forest,"{'max_depth': 30, 'max_features': 'sqrt', 'min_samples_leaf': 1, 'min_samples_split': 10, 'n_estimators': 200}",0.6644,0.0067,155
Random Forest,"{'max_depth': 30, 'max_features': 'sqrt', 'min_samples_leaf': 1, 'min_samples_split': 10, 'n_estimators': 300}",0.6665,0.0070,111
Random Forest,"{'max_depth': 30, 'max_features': 'sqrt', 'min_samples_leaf': 2, 'min_samples_split': 2, 'n_estimators': 50}",0.6587,0.0095,296
Random Forest,"{'max_depth': 30, 'max_features': 'sqrt', 'min_samples_leaf': 2, 'min_samples_split': 2, 'n_estimators': 100}",0.6646,0.0089,147
Random Forest,"{'max_depth': 30, 'max_features': 'sqrt', 'min_samples_leaf': 2, 'min_samples_split': 2, 'n_estimators': 200}",0.6682,0.0110,75
Random Forest,"{'max_depth': 30, 'max_features': 'sqrt', 'min_samples_leaf': 2, 'min_samples_split': 2, 'n_estimators': 300}",0.6692,0.0103,53
Random Forest,"{'max_depth': 30, 'max_features': 'sqrt', 'min_samples_leaf': 2, 'min_samples_split': 5, 'n_estimators': 50}",0.6569,0.0077,345
Random Forest,"{'max_depth': 30, 'max_features': 'sqrt', 'min_samples_leaf': 2, 'min_samples_split': 5, 'n_estimators': 100}",0.6635,0.0108,169
Random Forest,"{'max_depth': 30, 'max_features': 'sqrt', 'min_samples_leaf': 2, 'min_samples_split': 5, 'n_estimators': 200}",0.6673,0.0076,99
Random Forest,"{'max_depth': 30, 'max_features': 'sqrt', 'min_samples_leaf': 2, 'min_samples_split': 5, 'n_estimators': 300}",0.6683,0.0078,69
Random Forest,"{'max_depth': 30, 'max_features': 'sqrt', 'min_samples_leaf': 2, 'min_samples_split': 10, 'n_estimators': 50}",0.6578,0.0022,317
Random Forest,"{'max_depth': 30, 'max_features': 'sqrt', 'min_samples_leaf': 2, 'min_samples_split': 10, 'n_estimators': 100}",0.6631,0.0052,183
Random Forest,"{'max_depth': 30, 'max_features': 'sqrt', 'min_samples_leaf': 2, 'min_samples_split': 10, 'n_estimators': 200}",0.6676,0.0081,89
Random Forest,"{'max_depth': 30, 'max_features': 'sqrt', 'min_samples_leaf': 2, 'min_samples_split': 10, 'n_estimators': 300}",0.6688,0.0091,59
Random Forest,"{'max_depth': 30, 'max_features': 'sqrt', 'min_samples_leaf': 4, 'min_samples_split': 2, 'n_estimators': 50}",0.6620,0.0087,225
Random Forest,"{'max_depth': 30, 'max_features': 'sqrt', 'min_samples_leaf': 4, 'min_samples_split': 2, 'n_estimators': 100}",0.6696,0.0078,43
Random Forest,"{'max_depth': 30, 'max_features': 'sqrt', 'min_samples_leaf': 4, 'min_samples_split': 2, 'n_estimators': 200}",0.6712,0.0102,19
Random Forest,"{'max_depth': 30, 'max_features': 'sqrt', 'min_samples_leaf': 4, 'min_samples_split': 2, 'n_estimators': 300}",0.6721,0.0103,1
Random Forest,"{'max_depth': 30, 'max_features': 'sqrt', 'min_samples_leaf': 4, 'min_samples_split': 5, 'n_estimators': 50}",0.6620,0.0087,225
Random Forest,"{'max_depth': 30, 'max_features': 'sqrt', 'min_samples_leaf': 4, 'min_samples_split': 5, 'n_estimators': 100}",0.6696,0.0078,43
Random Forest,"{'max_depth': 30, 'max_features': 'sqrt', 'min_samples_leaf': 4, 'min_samples_split': 5, 'n_estimators': 200}",0.6712,0.0102,19
Random Forest,"{'max_depth': 30, 'max_features': 'sqrt', 'min_samples_leaf': 4, 'min_samples_split': 5, 'n_estimators': 300}",0.6721,0.0103,1
Random Forest,"{'max_depth': 30, 'max_features': 'sqrt', 'min_samples_leaf': 4, 'min_samples_split': 10, 'n_estimators': 50}",0.6648,0.0086,143
Random Forest,"{'max_depth': 30, 'max_features': 'sqrt', 'min_samples_leaf': 4, 'min_samples_split': 10, 'n_estimators': 100}",0.6683,0.0102,71
Random Forest,"{'max_depth': 30, 'max_features': 'sqrt', 'min_samples_leaf': 4, 'min_samples_split': 10, 'n_estimators': 200}",0.6712,0.0100,17
Random Forest,"{'max_depth': 30, 'max_features': 'sqrt', 'min_samples_leaf': 4, 'min_samples_split': 10, 'n_estimators': 300}",0.6704,0.0105,29
Random Forest,"{'max_depth': 30, 'max_features': 'log2', 'min_samples_leaf': 1, 'min_samples_split': 2, 'n_estimators': 50}",0.6542,0.0068,389
Random Forest,"{'max_depth': 30, 'max_features': 'log2', 'min_samples_leaf': 1, 'min_samples_split': 2, 'n_estimators': 100}",0.6554,0.0115,373
Random Forest,"{'max_depth': 30, 'max_features': 'log2', 'min_samples_leaf': 1, 'min_samples_split': 2, 'n_estimators': 200}",0.6641,0.0091,163
Random Forest,"{'max_depth': 30, 'max_features': 'log2', 'min_samples_leaf': 1, 'min_samples_split': 2, 'n_estimators': 300}",0.6664,0.0102,113
Random Forest,"{'max_depth': 30, 'max_features': 'log2', 'min_samples_leaf': 1, 'min_samples_split': 5, 'n_estimators': 50}",0.6575,0.0052,326
Random Forest,"{'max_depth': 30, 'max_features': 'log2', 'min_samples_leaf': 1, 'min_samples_split': 5, 'n_estimators': 100}",0.6637,0.0068,165
Random Forest,"{'max_depth': 30, 'max_features': 'log2', 'min_samples_leaf': 1, 'min_samples_split': 5, 'n_estimators': 200}",0.6680,0.0070,79
Random Forest,"{'max_depth': 30, 'max_features': 'log2', 'min_samples_leaf': 1, 'min_samples_split': 5, 'n_estimators': 300}",0.6693,0.0057,51
Random Forest,"{'max_depth': 30, 'max_features': 'log2', 'min_samples_leaf': 1, 'min_samples_split': 10, 'n_estimators': 50}",0.6607,0.0090,247
Random Forest,"{'max_depth': 30, 'max_features': 'log2', 'min_samples_leaf': 1, 'min_samples_split': 10, 'n_estimators': 100}",0.6643,0.0056,157
Random Forest,"{'max_depth': 30, 'max_features': 'log2', 'min_samples_leaf': 1, 'min_samples_split': 10, 'n_estimators': 200}",0.6644,0.0067,155
Random Forest,"{'max_depth': 30, 'max_features': 'log2', 'min_samples_leaf': 1, 'min_samples_split': 10, 'n_estimators': 300}",0.6665,0.0070,111
Random Forest,"{'max_depth': 30, 'max_features': 'log2', 'min_samples_leaf': 2, 'min_samples_split': 2, 'n_estimators': 50}",0.6587,0.0095,296
Random Forest,"{'max_depth': 30, 'max_features': 'log2', 'min_samples_leaf': 2, 'min_samples_split': 2, 'n_estimators': 100}",0.6646,0.0089,147
Random Forest,"{'max_depth': 30, 'max_features': 'log2', 'min_samples_leaf': 2, 'min_samples_split': 2, 'n_estimators': 200}",0.6682,0.0110,75
Random Forest,"{'max_depth': 30, 'max_features': 'log2', 'min_samples_leaf': 2, 'min_samples_split': 2, 'n_estimators': 300}",0.6692,0.0103,53
Random Forest,"{'max_depth': 30, 'max_features': 'log2', 'min_samples_leaf': 2, 'min_samples_split': 5, 'n_estimators': 50}",0.6569,0.0077,345
Random Forest,"{'max_depth': 30, 'max_features': 'log2', 'min_samples_leaf': 2, 'min_samples_split': 5, 'n_estimators': 100}",0.6635,0.0108,169
Random Forest,"{'max_depth': 30, 'max_features': 'log2', 'min_samples_leaf': 2, 'min_samples_split': 5, 'n_estimators': 200}",0.6673,0.0076,99
Random Forest,"{'max_depth': 30, 'max_features': 'log2', 'min_samples_leaf': 2, 'min_samples_split': 5, 'n_estimators': 300}",0.6683,0.0078,69
Random Forest,"{'max_depth': 30, 'max_features': 'log2', 'min_samples_leaf': 2, 'min_samples_split': 10, 'n_estimators': 50}",0.6578,0.0022,317
Random Forest,"{'max_depth': 30, 'max_features': 'log2', 'min_samples_leaf': 2, 'min_samples_split': 10, 'n_estimators': 100}",0.6631,0.0052,183
Random Forest,"{'max_depth': 30, 'max_features': 'log2', 'min_samples_leaf': 2, 'min_samples_split': 10, 'n_estimators': 200}",0.6676,0.0081,89
Random Forest,"{'max_depth': 30, 'max_features': 'log2', 'min_samples_leaf': 2, 'min_samples_split': 10, 'n_estimators': 300}",0.6688,0.0091,59
Random Forest,"{'max_depth': 30, 'max_features': 'log2', 'min_samples_leaf': 4, 'min_samples_split': 2, 'n_estimators': 50}",0.6620,0.0087,225
Random Forest,"{'max_depth': 30, 'max_features': 'log2', 'min_samples_leaf': 4, 'min_samples_split': 2, 'n_estimators': 100}",0.6696,0.0078,43
Random Forest,"{'max_depth': 30, 'max_features': 'log2', 'min_samples_leaf': 4, 'min_samples_split': 2, 'n_estimators': 200}",0.6712,0.0102,19
Random Forest,"{'max_depth': 30, 'max_features': 'log2', 'min_samples_leaf': 4, 'min_samples_split': 2, 'n_estimators': 300}",0.6721,0.0103,1
Random Forest,"{'max_depth': 30, 'max_features': 'log2', 'min_samples_leaf': 4, 'min_samples_split': 5, 'n_estimators': 50}",0.6620,0.0087,225
Random Forest,"{'max_depth': 30, 'max_features': 'log2', 'min_samples_leaf': 4, 'min_samples_split': 5, 'n_estimators': 100}",0.6696,0.0078,43
Random Forest,"{'max_depth': 30, 'max_features': 'log2', 'min_samples_leaf': 4, 'min_samples_split': 5, 'n_estimators': 200}",0.6712,0.0102,19
Random Forest,"{'max_depth': 30, 'max_features': 'log2', 'min_samples_leaf': 4, 'min_samples_split': 5, 'n_estimators': 300}",0.6721,0.0103,1
Random Forest,"{'max_depth': 30, 'max_features': 'log2', 'min_samples_leaf': 4, 'min_samples_split': 10, 'n_estimators': 50}",0.6648,0.0086,143
Random Forest,"{'max_depth': 30, 'max_features': 'log2', 'min_samples_leaf': 4, 'min_samples_split': 10, 'n_estimators': 100}",0.6683,0.0102,71
Random Forest,"{'max_depth': 30, 'max_features': 'log2', 'min_samples_leaf': 4, 'min_samples_split': 10, 'n_estimators': 200}",0.6712,0.0100,17
Random Forest,"{'max_depth': 30, 'max_features': 'log2', 'min_samples_leaf': 4, 'min_samples_split': 10, 'n_estimators': 300}",0.6704,0.0105,29
Random Forest,"{'max_depth': 30, 'max_features': 0.7, 'min_samples_leaf': 1, 'min_samples_split': 2, 'n_estimators': 50}",0.6499,0.0037,421
Random Forest,"{'max_depth': 30, 'max_features': 0.7, 'min_samples_leaf': 1, 'min_samples_split': 2, 'n_estimators': 100}",0.6545,0.0054,385
Random Forest,"{'max_depth': 30, 'max_features': 0.7, 'min_samples_leaf': 1, 'min_samples_split': 2, 'n_estimators': 200}",0.6550,0.0051,380
Random Forest,"{'max_depth': 30, 'max_features': 0.7, 'min_samples_leaf': 1, 'min_samples_split': 2, 'n_estimators': 300}",0.6571,0.0042,340
Random Forest,"{'max_depth': 30, 'max_features': 0.7, 'min_samples_leaf': 1, 'min_samples_split': 5, 'n_estimators': 50}",0.6486,0.0094,430
Random Forest,"{'max_depth': 30, 'max_features': 0.7, 'min_samples_leaf': 1, 'min_samples_split': 5, 'n_estimators': 100}",0.6537,0.0072,400
Random Forest,"{'max_depth': 30, 'max_features': 0.7, 'min_samples_leaf': 1, 'min_samples_split': 5, 'n_estimators': 200}",0.6558,0.0077,368
Random Forest,"{'max_depth': 30, 'max_features': 0.7, 'min_samples_leaf': 1, 'min_samples_split': 5, 'n_estimators': 300}",0.6577,0.0070,321
Random Forest,"{'max_depth': 30, 'max_features': 0.7, 'min_samples_leaf': 1, 'min_samples_split': 10, 'n_estimators': 50}",0.6500,0.0165,418
Random Forest,"{'max_depth': 30, 'max_features': 0.7, 'min_samples_leaf': 1, 'min_samples_split': 10, 'n_estimators': 100}",0.6530,0.0101,407
Random Forest,"{'max_depth': 30, 'max_features': 0.7, 'min_samples_leaf': 1, 'min_samples_split': 10, 'n_estimators': 200}",0.6565,0.0091,349
Random Forest,"{'max_depth': 30, 'max_features': 0.7, 'min_samples_leaf': 1, 'min_samples_split': 10, 'n_estimators': 300}",0.6573,0.0083,332
Random Forest,"{'max_depth': 30, 'max_features': 0.7, 'min_samples_leaf': 2, 'min_samples_split': 2, 'n_estimators': 50}",0.6546,0.0100,384
Random Forest,"{'max_depth': 30, 'max_features': 0.7, 'min_samples_leaf': 2, 'min_samples_split': 2, 'n_estimators': 100}",0.6621,0.0119,220
Random Forest,"{'max_depth': 30, 'max_features': 0.7, 'min_samples_leaf': 2, 'min_samples_split': 2, 'n_estimators': 200}",0.6631,0.0094,185
Random Forest,"{'max_depth': 30, 'max_features': 0.7, 'min_samples_leaf': 2, 'min_samples_split': 2, 'n_estimators': 300}",0.6630,0.0077,189
Random Forest,"{'max_depth': 30, 'max_features': 0.7, 'min_samples_leaf': 2, 'min_samples_split': 5, 'n_estimators': 50}",0.6511,0.0093,413
Random Forest,"{'max_depth': 30, 'max_features': 0.7, 'min_samples_leaf': 2, 'min_samples_split': 5, 'n_estimators': 100}",0.6573,0.0084,333
Random Forest,"{'max_depth': 30, 'max_features': 0.7, 'min_samples_leaf': 2, 'min_samples_split': 5, 'n_estimators': 200}",0.6602,0.0083,268
Random Forest,"{'max_depth': 30, 'max_features': 0.7, 'min_samples_leaf': 2, 'min_samples_split': 5, 'n_estimators': 300}",0.6616,0.0058,235
Random Forest,"{'max_depth': 30, 'max_features': 0.7, 'min_samples_leaf': 2, 'min_samples_split': 10, 'n_estimators': 50}",0.6544,0.0122,387
Random Forest,"{'max_depth': 30, 'max_features': 0.7, 'min_samples_leaf': 2, 'min_samples_split': 10, 'n_estimators': 100}",0.6600,0.0115,279
Random Forest,"{'max_depth': 30, 'max_features': 0.7, 'min_samples_leaf': 2, 'min_samples_split': 10, 'n_estimators': 200}",0.6629,0.0097,198
Random Forest,"{'max_depth': 30, 'max_features': 0.7, 'min_samples_leaf': 2, 'min_samples_split': 10, 'n_estimators': 300}",0.6651,0.0078,136
Random Forest,"{'max_depth': 30, 'max_features': 0.7, 'min_samples_leaf': 4, 'min_samples_split': 2, 'n_estimators': 50}",0.6609,0.0127,243
Random Forest,"{'max_depth': 30, 'max_features': 0.7, 'min_samples_leaf': 4, 'min_samples_split': 2, 'n_estimators': 100}",0.6655,0.0102,129
Random Forest,"{'max_depth': 30, 'max_features': 0.7, 'min_samples_leaf': 4, 'min_samples_split': 2, 'n_estimators': 200}",0.6657,0.0099,125
Random Forest,"{'max_depth': 30, 'max_features': 0.7, 'min_samples_leaf': 4, 'min_samples_split': 2, 'n_estimators': 300}",0.6656,0.0089,127
Random Forest,"{'max_depth': 30, 'max_features': 0.7, 'min_samples_leaf': 4, 'min_samples_split': 5, 'n_estimators': 50}",0.6609,0.0127,243
Random Forest,"{'max_depth': 30, 'max_features': 0.7, 'min_samples_leaf': 4, 'min_samples_split': 5, 'n_estimators': 100}",0.6655,0.0102,129
Random Forest,"{'max_depth': 30, 'max_features': 0.7, 'min_samples_leaf': 4, 'min_samples_split': 5, 'n_estimators': 200}",0.6657,0.0099,125
Random Forest,"{'max_depth': 30, 'max_features': 0.7, 'min_samples_leaf': 4, 'min_samples_split': 5, 'n_estimators': 300}",0.6656,0.0089,127
Random Forest,"{'max_depth': 30, 'max_features': 0.7, 'min_samples_leaf': 4, 'min_samples_split': 10, 'n_estimators': 50}",0.6602,0.0053,262
Random Forest,"{'max_depth': 30, 'max_features': 0.7, 'min_samples_leaf': 4, 'min_samples_split': 10, 'n_estimators': 100}",0.6624,0.0094,215
Random Forest,"{'max_depth': 30, 'max_features': 0.7, 'min_samples_leaf': 4, 'min_samples_split': 10, 'n_estimators': 200}",0.6650,0.0111,137
Random Forest,"{'max_depth': 30, 'max_features': 0.7, 'min_samples_leaf': 4, 'min_samples_split': 10, 'n_estimators': 300}",0.6653,0.0095,133
Logistic Regression,"{'C': 0.01, 'penalty': 'l2', 'solver': 'lbfgs'}",0.5969,0.0197,11
Logistic Regression,"{'C': 0.01, 'penalty': 'l2', 'solver': 'sag'}",0.5969,0.0197,9
Logistic Regression,"{'C': 0.01, 'penalty': 'l2', 'solver': 'newton-cg'}",0.5969,0.0197,12
Logistic Regression,"{'C': 0.01, 'penalty': 'l2', 'solver': 'saga'}",0.5969,0.0197,10
Logistic Regression,"{'C': 0.1, 'penalty': 'l2', 'solver': 'lbfgs'}",0.5964,0.0198,17
Logistic Regression,"{'C': 0.1, 'penalty': 'l2', 'solver': 'sag'}",0.5964,0.0198,19
Logistic Regression,"{'C': 0.1, 'penalty': 'l2', 'solver': 'newton-cg'}",0.5963,0.0198,21
Logistic Regression,"{'C': 0.1, 'penalty': 'l2', 'solver': 'saga'}",0.5964,0.0198,20
Logistic Regression,"{'C': 1, 'penalty': 'l2', 'solver': 'lbfgs'}",0.5962,0.0198,44
Logistic Regression,"{'C': 1, 'penalty': 'l2', 'solver': 'sag'}",0.5963,0.0198,25
Logistic Regression,"{'C': 1, 'penalty': 'l2', 'solver': 'newton-cg'}",0.5963,0.0198,40
Logistic Regression,"{'C': 1, 'penalty': 'l2', 'solver': 'saga'}",0.5963,0.0198,23
Logistic Regression,"{'C': 0.01, 'l1_ratio': 0.7, 'penalty': 'elasticnet', 'solver': 'saga'}",0.5984,0.0227,1
Logistic Regression,"{'C': 10, 'penalty': 'l2', 'solver': 'lbfgs'}",0.5962,0.0198,45
Logistic Regression,"{'C': 10, 'penalty': 'l2', 'solver': 'sag'}",0.5963,0.0198,24
Logistic Regression,"{'C': 10, 'penalty': 'l2', 'solver': 'newton-cg'}",0.5963,0.0198,41
Logistic Regression,"{'C': 10, 'penalty': 'l2', 'solver': 'saga'}",0.5963,0.0198,28
Logistic Regression,"{'C': 100, 'penalty': 'l2', 'solver': 'lbfgs'}",0.5962,0.0198,47
Logistic Regression,"{'C': 100, 'penalty': 'l2', 'solver': 'sag'}",0.5963,0.0198,30
Logistic Regression,"{'C': 100, 'penalty': 'l2', 'solver': 'newton-cg'}",0.5962,0.0198,42
Logistic Regression,"{'C': 100, 'penalty': 'l2', 'solver': 'saga'}",0.5963,0.0198,36
Logistic Regression,"{'C': 0.01, 'penalty': 'l1', 'solver': 'liblinear'}",0.5941,0.0249,48
Logistic Regression,"{'C': 0.01, 'penalty': 'l1', 'solver': 'saga'}",0.5941,0.0248,49
Logistic Regression,"{'C': 0.1, 'penalty': 'l1', 'solver': 'liblinear'}",0.5976,0.0195,4
Logistic Regression,"{'C': 0.1, 'penalty': 'l1', 'solver': 'saga'}",0.5976,0.0194,2
Logistic Regression,"{'C': 1, 'penalty': 'l1', 'solver': 'liblinear'}",0.5965,0.0197,14
Logistic Regression,"{'C': 1, 'penalty': 'l1', 'solver': 'saga'}",0.5965,0.0197,13
Logistic Regression,"{'C': 10, 'penalty': 'l1', 'solver': 'liblinear'}",0.5963,0.0198,37
Logistic Regression,"{'C': 10, 'penalty': 'l1', 'solver': 'saga'}",0.5963,0.0198,39
Logistic Regression,"{'C': 100, 'penalty': 'l1', 'solver': 'liblinear'}",0.5963,0.0198,22
Logistic Regression,"{'C': 100, 'penalty': 'l1', 'solver': 'saga'}",0.5963,0.0198,27
Logistic Regression,"{'penalty': None, 'solver': 'lbfgs'}",0.5962,0.0198,46
Logistic Regression,"{'penalty': None, 'solver': 'sag'}",0.5963,0.0198,33
Logistic Regression,"{'penalty': None, 'solver': 'newton-cg'}",0.5962,0.0198,43
Logistic Regression,"{'penalty': None, 'solver': 'saga'}",0.5963,0.0198,35
Logistic Regression,"{'C': 0.01, 'l1_ratio': 0.3, 'penalty': 'elasticnet', 'solver': 'saga'}",0.5972,0.0204,7
Logistic Regression,"{'C': 0.01, 'l1_ratio': 0.5, 'penalty': 'elasticnet', 'solver': 'saga'}",0.5976,0.0205,3
Logistic Regression,"{'C': 0.01, 'l1_ratio': 0.7, 'penalty': 'elasticnet', 'solver': 'saga'}",0.5984,0.0227,1
Logistic Regression,"{'C': 0.1, 'l1_ratio': 0.3, 'penalty': 'elasticnet', 'solver': 'saga'}",0.5970,0.0196,8
Logistic Regression,"{'C': 0.1, 'l1_ratio': 0.5, 'penalty': 'elasticnet', 'solver': 'saga'}",0.5972,0.0195,6
Logistic Regression,"{'C': 0.1, 'l1_ratio': 0.7, 'penalty': 'elasticnet', 'solver': 'saga'}",0.5975,0.0195,5
Logistic Regression,"{'C': 1, 'l1_ratio': 0.3, 'penalty': 'elasticnet', 'solver': 'saga'}",0.5964,0.0198,18
Logistic Regression,"{'C': 1, 'l1_ratio': 0.5, 'penalty': 'elasticnet', 'solver': 'saga'}",0.5964,0.0198,15
Logistic Regression,"{'C': 1, 'l1_ratio': 0.7, 'penalty': 'elasticnet', 'solver': 'saga'}",0.5964,0.0198,16
Logistic Regression,"{'C': 10, 'l1_ratio': 0.3, 'penalty': 'elasticnet', 'solver': 'saga'}",0.5963,0.0198,34
Logistic Regression,"{'C': 10, 'l1_ratio': 0.5, 'penalty': 'elasticnet', 'solver': 'saga'}",0.5963,0.0198,38
Logistic Regression,"{'C': 10, 'l1_ratio': 0.7, 'penalty': 'elasticnet', 'solver': 'saga'}",0.5963,0.0198,32
Logistic Regression,"{'C': 100, 'l1_ratio': 0.3, 'penalty': 'elasticnet', 'solver': 'saga'}",0.5963,0.0198,29
Logistic Regression,"{'C': 100, 'l1_ratio': 0.5, 'penalty': 'elasticnet', 'solver': 'saga'}",0.5963,0.0198,30
Logistic Regression,"{'C': 100, 'l1_ratio': 0.7, 'penalty': 'elasticnet', 'solver': 'saga'}",0.5963,0.0198,26
